Workbook

Sheet Export Summary
B3: This document was exported from Numbers. Each table was converted to an Excel worksheet. All other objects on each Numbers sheet were placed on separate worksheets. Please be aware that formula calculations may differ in Excel.
B7: Numbers Sheet Name | C7: Numbers Table Name | D7: Excel Worksheet Name
B9: סיכום
C10: Table 1 | D10: סיכום
B11: ניתוח חודשי
C12: Table 1 | D12: ניתוח חודשי
B13: ניתוח קטגוריות
C14: Table 1 | D14: ניתוח קטגוריות
B15: המלצות
C16: Table 1 | D16: המלצות
B17: בתי עסק
C18: Table 1 | D18: בתי עסק
B19: עסקאות
C20: Table 1 | D20: עסקאות
B21: הכנסות
C22: Table 1 | D22: הכנסות
B23: פירוט חופשות
C24: Table 1 | D24: פירוט חופשות
B25: מיפוי ומקורות
C26: Table 1 | D26: מיפוי ומקורות

Sheet סיכום
B2: ניתוח הוצאות משק בית
B3: 2 נפשות | ינואר 2025 עד אוגוסט 2026 | סכומים בש״ח
B6: מדד | C6: ערך
B7: חודשים בניתוח | C7: 20
B8: שורות עסקאות | C8: 1957
B9: הוצאות מקור נטו | C9: 733923
B10: הוצאות תקניות | C10: 819305
B11: הוצאה שוטפת חודשית | C11: 22579.05
B12: הוצאה שוטפת לנפש | C12: 11289.525
B13: הכנסה תקנית | C13: 1725864
B14: חיסכון מצטבר | C14: 906559
B17: השוואת הוצאה שוטפת | C17: 2025 | D17: 2026 (8 ח׳)
B18: ממוצע חודשי | C18: 22559 | D18: 22609.125
B19: ממוצע לנפש | C19: 11279.5 | D19: 11304.562
B20: שינוי לעומת 2025 | D20: 0.0022219513
F22: תקופה | G22: הוצאות תקניות | H22: הוצאות שוטפות | J22: מס׳ | K22: ממצא | L22: פירוט
F23: 2025-01 | G23: 43507 | H23: 23605 | J23: 1 | K23: ההוצאה השוטפת יציבה | L23: ₪22,559 לחודש ב־2025 לעומת ₪22,609 ב־2026 — שינוי של 0.2%.
F24: 2025-02 | G24: 55680 | H24: 23441 | J24: 2 | K24: הדיור הוא השינוי המבני המרכזי | L24: שכר הדירה עלה מכ־₪6,458 לחודש ב־2025 ל־₪8,000 ב־2026. יתר הסעיפים הגמישים ירדו בחלקם וקיזזו את העלייה.
F25: 2025-03 | G25: 56799 | H25: 28602 | J25: 3 | K25: אוכל נשאר יציב יחסית | L25: מזון לבית ואוכל בחוץ יחד הם כ־₪3,600 לחודש למשק הבית, כ־₪1,800 לאדם.
F26: 2025-04 | G26: 38753 | H26: 24197 | J26: 4 | K26: הוצאות בריאות וספורט מהותיות | L26: אין המלצה לקצץ טיפול; יש לבדוק החזרים וכפל כיסוי. בספורט יש מקום לבדוק חפיפה בין מסגרות.
F27: 2025-05 | G27: 78552 | H27: 16883 | J27: 5 | K27: פוטנציאל החיסכון השמרני | L27: תרחיש ללא שינוי חד באורח החיים מכוון לכ־₪600–₪1,200 בחודש, בעיקר דרך תקציב גמיש, אוכל, ספקים וחפיפות.
F28: 2025-06 | G28: 31005 | H28: 23150
F29: 2025-07 | G29: 36910 | H29: 13450
F30: 2025-08 | G30: 33987 | H30: 21360
F31: 2025-09 | G31: 33640 | H31: 26039
F32: 2025-10 | G32: 44496 | H32: 18846
F33: 2025-11 | G33: 32456 | H33: 22159
F34: 2025-12 | G34: 47902 | H34: 28976
F35: 2026-01 | G35: 27251 | H35: 21001
F36: 2026-02 | G36: 26956 | H36: 20873
F37: 2026-03 | G37: 30147 | H37: 23144
F38: 2026-04 | G38: 32684 | H38: 24902
F39: 2026-05 | G39: 33320 | H39: 22338
... F42: 2026-08 | G42: 34550 | H42: 26839

Sheet ניתוח חודשי
B2: ניתוח חודשי
B3: הוצאות והכנסות מנורמלות; אוגוסט 2026 מסומן כחודש פתוח
B6: חודש | C6: תקופה | D6: סטטוס | E6: הוצאות תקניות (₪) | F6: הוצאות שוטפות (₪) | G6: שוטף לנפש (₪) | H6: הכנסה רשומה (₪) | I6: הכנסה שסווגה מחדש (₪) | J6: הכנסה תקנית (₪) | K6: חיסכון (₪) | L6: שיעור חיסכון | M6: ממוצע שוטף 3 ח׳ (₪)
B7: 45658 | C7: 2025-01 | D7: סגור | E7: {=_xlfn.SUMIFS('עסקאות'!$M$2:$M$1958,'עסקאות'!$A$2:$A$1958,B7)} -> 43507 | F7: {=_xlfn.SUMIFS('עסקאות'!$N$2:$N$1958,'עסקאות'!$A$2:$A$1958,B7)} -> 23605 | G7: {=F7/2} -> 11802.5 | H7: {=_xlfn.SUMIFS('הכנסות'!$D$2:$D$98,'הכנסות'!$A$2:$A$98,B7)} -> 146408 | I7: {=_xlfn.SUMIFS('עסקאות'!$O$2:$O$1958,'עסקאות'!$A$2:$A$1958,B7)} -> 6643 | J7: {=H7+I7} -> 153051 | K7: {=J7-E7} -> 109544 | L7: {=IF(J7=0,"",K7/J7)} -> 0.71573528
B8: 45689 | C8: 2025-02 | D8: סגור | E8: {=_xlfn.SUMIFS('עסקאות'!$M$2:$M$1958,'עסקאות'!$A$2:$A$1958,B8)} -> 55680 | F8: {=_xlfn.SUMIFS('עסקאות'!$N$2:$N$1958,'עסקאות'!$A$2:$A$1958,B8)} -> 23441 | G8: {=F8/2} -> 11720.5 | H8: {=_xlfn.SUMIFS('הכנסות'!$D$2:$D$98,'הכנסות'!$A$2:$A$98,B8)} -> 39979 | I8: {=_xlfn.SUMIFS('עסקאות'!$O$2:$O$1958,'עסקאות'!$A$2:$A$1958,B8)} -> 6663 | J8: {=H8+I8} -> 46642 | K8: {=J8-E8} -> -9038 | L8: {=IF(J8=0,"",K8/J8)} -> -0.19377385
B9: 45717 | C9: 2025-03 | D9: סגור | E9: {=_xlfn.SUMIFS('עסקאות'!$M$2:$M$1958,'עסקאות'!$A$2:$A$1958,B9)} -> 56799 | F9: {=_xlfn.SUMIFS('עסקאות'!$N$2:$N$1958,'עסקאות'!$A$2:$A$1958,B9)} -> 28602 | G9: {=F9/2} -> 14301 | H9: {=_xlfn.SUMIFS('הכנסות'!$D$2:$D$98,'הכנסות'!$A$2:$A$98,B9)} -> 70123 | I9: {=_xlfn.SUMIFS('עסקאות'!$O$2:$O$1958,'עסקאות'!$A$2:$A$1958,B9)} -> 6989 | J9: {=H9+I9} -> 77112 | K9: {=J9-E9} -> 20313 | L9: {=IF(J9=0,"",K9/J9)} -> 0.26342204 | M9: {=AVERAGE(F7:F9)} -> 25216
B10: 45748 | C10: 2025-04 | D10: סגור | E10: {=_xlfn.SUMIFS('עסקאות'!$M$2:$M$1958,'עסקאות'!$A$2:$A$1958,B10)} -> 38753 | F10: {=_xlfn.SUMIFS('עסקאות'!$N$2:$N$1958,'עסקאות'!$A$2:$A$1958,B10)} -> 24197 | G10: {=F10/2} -> 12098.5 | H10: {=_xlfn.SUMIFS('הכנסות'!$D$2:$D$98,'הכנסות'!$A$2:$A$98,B10)} -> 34053 | I10: {=_xlfn.SUMIFS('עסקאות'!$O$2:$O$1958,'עסקאות'!$A$2:$A$1958,B10)} -> 8137 | J10: {=H10+I10} -> 42190 | K10: {=J10-E10} -> 3437 | L10: {=IF(J10=0,"",K10/J10)} -> 0.081464802 | M10: {=AVERAGE(F8:F10)} -> 25413.333
B11: 45778 | C11: 2025-05 | D11: סגור | E11: {=_xlfn.SUMIFS('עסקאות'!$M$2:$M$1958,'עסקאות'!$A$2:$A$1958,B11)} -> 78552 | F11: {=_xlfn.SUMIFS('עסקאות'!$N$2:$N$1958,'עסקאות'!$A$2:$A$1958,B11)} -> 16883 | G11: {=F11/2} -> 8441.5 | H11: {=_xlfn.SUMIFS('הכנסות'!$D$2:$D$98,'הכנסות'!$A$2:$A$98,B11)} -> 19799 | I11: {=_xlfn.SUMIFS('עסקאות'!$O$2:$O$1958,'עסקאות'!$A$2:$A$1958,B11)} -> 6500 | J11: {=H11+I11} -> 26299 | K11: {=J11-E11} -> -52253 | L11: {=IF(J11=0,"",K11/J11)} -> -1.9868816 | M11: {=AVERAGE(F9:F11)} -> 23227.333
B12: 45809 | C12: 2025-06 | D12: סגור | E12: {=_xlfn.SUMIFS('עסקאות'!$M$2:$M$1958,'עסקאות'!$A$2:$A$1958,B12)} -> 31005 | F12: {=_xlfn.SUMIFS('עסקאות'!$N$2:$N$1958,'עסקאות'!$A$2:$A$1958,B12)} -> 23150 | G12: {=F12/2} -> 11575 | H12: {=_xlfn.SUMIFS('הכנסות'!$D$2:$D$98,'הכנסות'!$A$2:$A$98,B12)} -> 0 | I12: {=_xlfn.SUMIFS('עסקאות'!$O$2:$O$1958,'עסקאות'!$A$2:$A$1958,B12)} -> 6500 | J12: {=H12+I12} -> 6500 | K12: {=J12-E12} -> -24505 | L12: {=IF(J12=0,"",K12/J12)} -> -3.77 | M12: {=AVERAGE(F10:F12)} -> 21410
B13: 45839 | C13: 2025-07 | D13: סגור | E13: {=_xlfn.SUMIFS('עסקאות'!$M$2:$M$1958,'עסקאות'!$A$2:$A$1958,B13)} -> 36910 | F13: {=_xlfn.SUMIFS('עסקאות'!$N$2:$N$1958,'עסקאות'!$A$2:$A$1958,B13)} -> 13450 | G13: {=F13/2} -> 6725 | H13: {=_xlfn.SUMIFS('הכנסות'!$D$2:$D$98,'הכנסות'!$A$2:$A$98,B13)} -> 15296 | I13: {=_xlfn.SUMIFS('עסקאות'!$O$2:$O$1958,'עסקאות'!$A$2:$A$1958,B13)} -> 6924 | J13: {=H13+I13} -> 22220 | K13: {=J13-E13} -> -14690 | L13: {=IF(J13=0,"",K13/J13)} -> -0.66111611 | M13: {=AVERAGE(F11:F13)} -> 17827.667
B14: 45870 | C14: 2025-08 | D14: סגור | E14: {=_xlfn.SUMIFS('עסקאות'!$M$2:$M$1958,'עסקאות'!$A$2:$A$1958,B14)} -> 33987 | F14: {=_xlfn.SUMIFS('עסקאות'!$N$2:$N$1958,'עסקאות'!$A$2:$A$1958,B14)} -> 21360 | G14: {=F14/2} -> 10680 | H14: {=_xlfn.SUMIFS('הכנסות'!$D$2:$D$98,'הכנסות'!$A$2:$A$98,B14)} -> 15305 | I14: {=_xlfn.SUMIFS('עסקאות'!$O$2:$O$1958,'עסקאות'!$A$2:$A$1958,B14)} -> 6716 | J14: {=H14+I14} -> 22021 | K14: {=J14-E14} -> -11966 | L14: {=IF(J14=0,"",K14/J14)} -> -0.5433904 | M14: {=AVERAGE(F12:F14)} -> 19320
B15: 45901 | C15: 2025-09 | D15: סגור | E15: {=_xlfn.SUMIFS('עסקאות'!$M$2:$M$1958,'עסקאות'!$A$2:$A$1958,B15)} -> 33640 | F15: {=_xlfn.SUMIFS('עסקאות'!$N$2:$N$1958,'עסקאות'!$A$2:$A$1958,B15)} -> 26039 | G15: {=F15/2} -> 13019.5 | H15: {=_xlfn.SUMIFS('הכנסות'!$D$2:$D$98,'הכנסות'!$A$2:$A$98,B15)} -> 29670 | I15: {=_xlfn.SUMIFS('עסקאות'!$O$2:$O$1958,'עסקאות'!$A$2:$A$1958,B15)} -> 6500 | J15: {=H15+I15} -> 36170 | K15: {=J15-E15} -> 2530 | L15: {=IF(J15=0,"",K15/J15)} -> 0.06994747 | M15: {=AVERAGE(F13:F15)} -> 20283
B16: 45931 | C16: 2025-10 | D16: סגור | E16: {=_xlfn.SUMIFS('עסקאות'!$M$2:$M$1958,'עסקאות'!$A$2:$A$1958,B16)} -> 44496 | F16: {=_xlfn.SUMIFS('עסקאות'!$N$2:$N$1958,'עסקאות'!$A$2:$A$1958,B16)} -> 18846 | G16: {=F16/2} -> 9423 | H16: {=_xlfn.SUMIFS('הכנסות'!$D$2:$D$98,'הכנסות'!$A$2:$A$98,B16)} -> 79627 | I16: {=_xlfn.SUMIFS('עסקאות'!$O$2:$O$1958,'עסקאות'!$A$2:$A$1958,B16)} -> 5563 | J16: {=H16+I16} -> 85190 | K16: {=J16-E16} -> 40694 | L16: {=IF(J16=0,"",K16/J16)} -> 0.47768517 | M16: {=AVERAGE(F14:F16)} -> 22081.667
B17: 45962 | C17: 2025-11 | D17: סגור | E17: {=_xlfn.SUMIFS('עסקאות'!$M$2:$M$1958,'עסקאות'!$A$2:$A$1958,B17)} -> 32456 | F17: {=_xlfn.SUMIFS('עסקאות'!$N$2:$N$1958,'עסקאות'!$A$2:$A$1958,B17)} -> 22159 | G17: {=F17/2} -> 11079.5 | H17: {=_xlfn.SUMIFS('הכנסות'!$D$2:$D$98,'הכנסות'!$A$2:$A$98,B17)} -> 447442 | I17: {=_xlfn.SUMIFS('עסקאות'!$O$2:$O$1958,'עסקאות'!$A$2:$A$1958,B17)} -> 11701 | J17: {=H17+I17} -> 459143 | K17: {=J17-E17} -> 426687 | L17: {=IF(J17=0,"",K17/J17)} -> 0.92931178 | M17: {=AVERAGE(F15:F17)} -> 22348
B18: 45992 | C18: 2025-12 | D18: סגור | E18: {=_xlfn.SUMIFS('עסקאות'!$M$2:$M$1958,'עסקאות'!$A$2:$A$1958,B18)} -> 47902 | F18: {=_xlfn.SUMIFS('עסקאות'!$N$2:$N$1958,'עסקאות'!$A$2:$A$1958,B18)} -> 28976 | G18: {=F18/2} -> 14488 | H18: {=_xlfn.SUMIFS('הכנסות'!$D$2:$D$98,'הכנסות'!$A$2:$A$98,B18)} -> 107604 | I18: {=_xlfn.SUMIFS('עסקאות'!$O$2:$O$1958,'עסקאות'!$A$2:$A$1958,B18)} -> 6546 | J18: {=H18+I18} -> 114150 | K18: {=J18-E18} -> 66248 | L18: {=IF(J18=0,"",K18/J18)} -> 0.58035918 | M18: {=AVERAGE(F16:F18)} -> 23327
B19: 46023 | C19: 2026-01 | D19: סגור | E19: {=_xlfn.SUMIFS('עסקאות'!$M$2:$M$1958,'עסקאות'!$A$2:$A$1958,B19)} -> 27251 | F19: {=_xlfn.SUMIFS('עסקאות'!$N$2:$N$1958,'עסקאות'!$A$2:$A$1958,B19)} -> 21001 | G19: {=F19/2} -> 10500.5 | H19: {=_xlfn.SUMIFS('הכנסות'!$D$2:$D$98,'הכנסות'!$A$2:$A$98,B19)} -> 51323 | I19: {=_xlfn.SUMIFS('עסקאות'!$O$2:$O$1958,'עסקאות'!$A$2:$A$1958,B19)} -> 0 | J19: {=H19+I19} -> 51323 | K19: {=J19-E19} -> 24072 | L19: {=IF(J19=0,"",K19/J19)} -> 0.46902948 | M19: {=AVERAGE(F17:F19)} -> 24045.333
B20: 46054 | C20: 2026-02 | D20: סגור | E20: {=_xlfn.SUMIFS('עסקאות'!$M$2:$M$1958,'עסקאות'!$A$2:$A$1958,B20)} -> 26956 | F20: {=_xlfn.SUMIFS('עסקאות'!$N$2:$N$1958,'עסקאות'!$A$2:$A$1958,B20)} -> 20873 | G20: {=F20/2} -> 10436.5 | H20: {=_xlfn.SUMIFS('הכנסות'!$D$2:$D$98,'הכנסות'!$A$2:$A$98,B20)} -> 50650 | I20: {=_xlfn.SUMIFS('עסקאות'!$O$2:$O$1958,'עסקאות'!$A$2:$A$1958,B20)} -> 0 | J20: {=H20+I20} -> 50650 | K20: {=J20-E20} -> 23694 | L20: {=IF(J20=0,"",K20/J20)} -> 0.46779862 | M20: {=AVERAGE(F18:F20)} -> 23616.667
... B26: 46235 | C26: 2026-08 | D26: פתוח | E26: {=_xlfn.SUMIFS('עסקאות'!$M$2:$M$1958,'עסקאות'!$A$2:$A$1958,B26)} -> 34550 | F26: {=_xlfn.SUMIFS('עסקאות'!$N$2:$N$1958,'עסקאות'!$A$2:$A$1958,B26)} -> 26839 | G26: {=F26/2} -> 13419.5 | H26: {=_xlfn.SUMIFS('הכנסות'!$D$2:$D$98,'הכנסות'!$A$2:$A$98,B26)} -> 52225 | I26: {=_xlfn.SUMIFS('עסקאות'!$O$2:$O$1958,'עסקאות'!$A$2:$A$1958,B26)} -> 0 | J26: {=H26+I26} -> 52225 | K26: {=J26-E26} -> 17675 | L26: {=IF(J26=0,"",K26/J26)} -> 0.33843944 | M26: {=AVERAGE(F24:F26)} -> 22871.667

Sheet ניתוח קטגוריות
B2: ניתוח קטגוריות
B3: קטגוריות מקור אוחדו לקבוצות עקב שינוי שמות בין השנים
B6: קבוצה | C6: סיווג | D6: סה״כ (₪) | E6: ממוצע 20 ח׳ (₪) | F6: ממוצע לנפש (₪) | G6: חלק מההוצאה | H6: 2025 סה״כ (₪) | I6: 2025 חודשי (₪) | J6: 2026 סה״כ (₪) | K6: 2026 חודשי (₪) | L6: שינוי חודשי | M6: יעד צמצום | N6: חיסכון חודשי (₪) | O6: חיסכון שנתי (₪) | P6: הערה למומחה
B7: דיור – בית מגורים | C7: שוטף | D7: {=_xlfn.SUMIFS('עסקאות'!$M$2:$M$1958,'עסקאות'!$I$2:$I$1958,B7)} -> 176730 | E7: {=D7/20} -> 8836.5 | F7: {=E7/2} -> 4418.25 | G7: {=IF(SUM($D$7:$D$28)=0,"",D7/SUM($D$7:$D$28))} -> 0.21570722 | H7: {=_xlfn.SUMIFS('עסקאות'!$M$2:$M$1958,'עסקאות'!$I$2:$I$1958,B7,'עסקאות'!$A$2:$A$1958,">="&DATE(2025,1,1),'עסקאות'!$A$2:$A$1958,"<"&DATE(2026,1,1))} -> 97325 | I7: {=H7/12} -> 8110.4167 | J7: {=_xlfn.SUMIFS('עסקאות'!$M$2:$M$1958,'עסקאות'!$I$2:$I$1958,B7,'עסקאות'!$A$2:$A$1958,">="&DATE(2026,1,1),'עסקאות'!$A$2:$A$1958,"<"&DATE(2027,1,1))} -> 79405 | K7: {=J7/8} -> 9925.625 | L7: {=IF(I7=0,"",K7/I7-1)} -> 0.22381197 | M7: {=0} -> 0 | N7: {=IF(C7="שוטף",K7*M7,0)} -> 0 | O7: {=N7*12} -> 0 | P7: הרכיב הגדול ביותר. שכר הדירה עלה מכ־₪6,458 לחודש ב־2025 ל־₪8,000 ב־2026; לבדוק חוזה, תקשורת, ניקיון וצריכת חשמל בנפרד.
B8: נכס להשקעה | C8: חריג/נכס | D8: {=_xlfn.SUMIFS('עסקאות'!$M$2:$M$1958,'עסקאות'!$I$2:$I$1958,B8)} -> 134579 | E8: {=D8/20} -> 6728.95 | F8: {=E8/2} -> 3364.475 | G8: {=IF(SUM($D$7:$D$28)=0,"",D8/SUM($D$7:$D$28))} -> 0.16425995 | H8: {=_xlfn.SUMIFS('עסקאות'!$M$2:$M$1958,'עסקאות'!$I$2:$I$1958,B8,'עסקאות'!$A$2:$A$1958,">="&DATE(2025,1,1),'עסקאות'!$A$2:$A$1958,"<"&DATE(2026,1,1))} -> 80039 | I8: {=H8/12} -> 6669.9167 | J8: {=_xlfn.SUMIFS('עסקאות'!$M$2:$M$1958,'עסקאות'!$I$2:$I$1958,B8,'עסקאות'!$A$2:$A$1958,">="&DATE(2026,1,1),'עסקאות'!$A$2:$A$1958,"<"&DATE(2027,1,1))} -> 54540 | K8: {=J8/8} -> 6817.5 | L8: {=IF(I8=0,"",K8/I8-1)} -> 0.022126713 | M8: {=0} -> 0 | N8: {=IF(C8="שוטף",K8*M8,0)} -> 0 | O8: {=N8*12} -> 0 | P8: לנתח כיחידת רווח והפסד נפרדת. ב־2025 שכר הדירה נרשם כהוצאה שלילית; בקובץ הוא סווג מחדש להכנסה.
B9: נסיעות וחופשות | C9: חריג | D9: {=_xlfn.SUMIFS('עסקאות'!$M$2:$M$1958,'עסקאות'!$I$2:$I$1958,B9)} -> 118704 | E9: {=D9/20} -> 5935.2 | F9: {=E9/2} -> 2967.6 | G9: {=IF(SUM($D$7:$D$28)=0,"",D9/SUM($D$7:$D$28))} -> 0.14488377 | H9: {=_xlfn.SUMIFS('עסקאות'!$M$2:$M$1958,'עסקאות'!$I$2:$I$1958,B9,'עסקאות'!$A$2:$A$1958,">="&DATE(2025,1,1),'עסקאות'!$A$2:$A$1958,"<"&DATE(2026,1,1))} -> 87325 | I9: {=H9/12} -> 7277.0833 | J9: {=_xlfn.SUMIFS('עסקאות'!$M$2:$M$1958,'עסקאות'!$I$2:$I$1958,B9,'עסקאות'!$A$2:$A$1958,">="&DATE(2026,1,1),'עסקאות'!$A$2:$A$1958,"<"&DATE(2027,1,1))} -> 31379 | K9: {=J9/8} -> 3922.375 | L9: {=IF(I9=0,"",K9/I9-1)} -> -0.46099628 | M9: {=0} -> 0 | N9: {=IF(C9="שוטף",K9*M9,0)} -> 0 | O9: {=N9*12} -> 0 | P9: הוצאה מתוכננת ולא שוטפת. מומלץ לקבוע תקציב שנתי וקרן חודשית נפרדת.
B10: חתונה | C10: חריג | D10: {=_xlfn.SUMIFS('עסקאות'!$M$2:$M$1958,'עסקאות'!$I$2:$I$1958,B10)} -> 95615 | E10: {=D10/20} -> 4780.75 | F10: {=E10/2} -> 2390.375 | G10: {=IF(SUM($D$7:$D$28)=0,"",D10/SUM($D$7:$D$28))} -> 0.11670257 | H10: {=_xlfn.SUMIFS('עסקאות'!$M$2:$M$1958,'עסקאות'!$I$2:$I$1958,B10,'עסקאות'!$A$2:$A$1958,">="&DATE(2025,1,1),'עסקאות'!$A$2:$A$1958,"<"&DATE(2026,1,1))} -> 95615 | I10: {=H10/12} -> 7967.9167 | J10: {=_xlfn.SUMIFS('עסקאות'!$M$2:$M$1958,'עסקאות'!$I$2:$I$1958,B10,'עסקאות'!$A$2:$A$1958,">="&DATE(2026,1,1),'עסקאות'!$A$2:$A$1958,"<"&DATE(2027,1,1))} -> 0 | K10: {=J10/8} -> 0 | L10: {=IF(I10=0,"",K10/I10-1)} -> -1 | M10: {=0} -> 0 | N10: {=IF(C10="שוטף",K10*M10,0)} -> 0 | O10: {=N10*12} -> 0 | P10: הוצאה חד־פעמית; הוחרגה ממדד ההוצאה השוטפת.
B11: בריאות וטיפולים | C11: שוטף | D11: {=_xlfn.SUMIFS('עסקאות'!$M$2:$M$1958,'עסקאות'!$I$2:$I$1958,B11)} -> 51681 | E11: {=D11/20} -> 2584.05 | F11: {=E11/2} -> 1292.025 | G11: {=IF(SUM($D$7:$D$28)=0,"",D11/SUM($D$7:$D$28))} -> 0.063079073 | H11: {=_xlfn.SUMIFS('עסקאות'!$M$2:$M$1958,'עסקאות'!$I$2:$I$1958,B11,'עסקאות'!$A$2:$A$1958,">="&DATE(2025,1,1),'עסקאות'!$A$2:$A$1958,"<"&DATE(2026,1,1))} -> 32906 | I11: {=H11/12} -> 2742.1667 | J11: {=_xlfn.SUMIFS('עסקאות'!$M$2:$M$1958,'עסקאות'!$I$2:$I$1958,B11,'עסקאות'!$A$2:$A$1958,">="&DATE(2026,1,1),'עסקאות'!$A$2:$A$1958,"<"&DATE(2027,1,1))} -> 18775 | K11: {=J11/8} -> 2346.875 | L11: {=IF(I11=0,"",K11/I11-1)} -> -0.14415304 | M11: {=0} -> 0 | N11: {=IF(C11="שוטף",K11*M11,0)} -> 0 | O11: {=N11*12} -> 0 | P11: לא מומלץ לקצץ טיפול. לבדוק החזרים משב״ן/ביטוח וכפל כיסויים.
B12: מזון לבית | C12: שוטף | D12: {=_xlfn.SUMIFS('עסקאות'!$M$2:$M$1958,'עסקאות'!$I$2:$I$1958,B12)} -> 41741 | E12: {=D12/20} -> 2087.05 | F12: {=E12/2} -> 1043.525 | G12: {=IF(SUM($D$7:$D$28)=0,"",D12/SUM($D$7:$D$28))} -> 0.050946839 | H12: {=_xlfn.SUMIFS('עסקאות'!$M$2:$M$1958,'עסקאות'!$I$2:$I$1958,B12,'עסקאות'!$A$2:$A$1958,">="&DATE(2025,1,1),'עסקאות'!$A$2:$A$1958,"<"&DATE(2026,1,1))} -> 24837 | I12: {=H12/12} -> 2069.75 | J12: {=_xlfn.SUMIFS('עסקאות'!$M$2:$M$1958,'עסקאות'!$I$2:$I$1958,B12,'עסקאות'!$A$2:$A$1958,">="&DATE(2026,1,1),'עסקאות'!$A$2:$A$1958,"<"&DATE(2027,1,1))} -> 16904 | K12: {=J12/8} -> 2113 | L12: {=IF(I12=0,"",K12/I12-1)} -> 0.020896244 | M12: {=0.03} -> 0.03 | N12: {=IF(C12="שוטף",K12*M12,0)} -> 63.39 | O12: {=N12*12} -> 760.68 | P12: רשימת קניות קבועה, איחוד קניות והשוואה חודשית בין סלים.
B13: ספורט | C13: שוטף | D13: {=_xlfn.SUMIFS('עסקאות'!$M$2:$M$1958,'עסקאות'!$I$2:$I$1958,B13)} -> 38331 | E13: {=D13/20} -> 1916.55 | F13: {=E13/2} -> 958.275 | G13: {=IF(SUM($D$7:$D$28)=0,"",D13/SUM($D$7:$D$28))} -> 0.046784775 | H13: {=_xlfn.SUMIFS('עסקאות'!$M$2:$M$1958,'עסקאות'!$I$2:$I$1958,B13,'עסקאות'!$A$2:$A$1958,">="&DATE(2025,1,1),'עסקאות'!$A$2:$A$1958,"<"&DATE(2026,1,1))} -> 25610 | I13: {=H13/12} -> 2134.1667 | J13: {=_xlfn.SUMIFS('עסקאות'!$M$2:$M$1958,'עסקאות'!$I$2:$I$1958,B13,'עסקאות'!$A$2:$A$1958,">="&DATE(2026,1,1),'עסקאות'!$A$2:$A$1958,"<"&DATE(2027,1,1))} -> 12721 | K13: {=J13/8} -> 1590.125 | L13: {=IF(I13=0,"",K13/I13-1)} -> -0.25491995 | M13: {=0.05} -> 0.05 | N13: {=IF(C13="שוטף",K13*M13,0)} -> 79.50625 | O13: {=N13*12} -> 954.075 | P13: בדיקת חפיפה בין קאנטרי, אימונים פרטיים וחבילות; לא לצמצם פעילות.
B14: אוכל בחוץ | C14: שוטף | D14: {=_xlfn.SUMIFS('עסקאות'!$M$2:$M$1958,'עסקאות'!$I$2:$I$1958,B14)} -> 30226 | E14: {=D14/20} -> 1511.3 | F14: {=E14/2} -> 755.65 | G14: {=IF(SUM($D$7:$D$28)=0,"",D14/SUM($D$7:$D$28))} -> 0.036892244 | H14: {=_xlfn.SUMIFS('עסקאות'!$M$2:$M$1958,'עסקאות'!$I$2:$I$1958,B14,'עסקאות'!$A$2:$A$1958,">="&DATE(2025,1,1),'עסקאות'!$A$2:$A$1958,"<"&DATE(2026,1,1))} -> 17724 | I14: {=H14/12} -> 1477 | J14: {=_xlfn.SUMIFS('עסקאות'!$M$2:$M$1958,'עסקאות'!$I$2:$I$1958,B14,'עסקאות'!$A$2:$A$1958,">="&DATE(2026,1,1),'עסקאות'!$A$2:$A$1958,"<"&DATE(2027,1,1))} -> 12502 | K14: {=J14/8} -> 1562.75 | L14: {=IF(I14=0,"",K14/I14-1)} -> 0.058056872 | M14: {=0.07} -> 0.07 | N14: {=IF(C14="שוטף",K14*M14,0)} -> 109.3925 | O14: {=N14*12} -> 1312.71 | P14: תקציב שבועי קבוע ושימוש מלא בהטבות אוכל לפני תשלום פרטי.
B15: תחבורה | C15: שוטף | D15: {=_xlfn.SUMIFS('עסקאות'!$M$2:$M$1958,'עסקאות'!$I$2:$I$1958,B15)} -> 25185 | E15: {=D15/20} -> 1259.25 | F15: {=E15/2} -> 629.625 | G15: {=IF(SUM($D$7:$D$28)=0,"",D15/SUM($D$7:$D$28))} -> 0.030739468 | H15: {=_xlfn.SUMIFS('עסקאות'!$M$2:$M$1958,'עסקאות'!$I$2:$I$1958,B15,'עסקאות'!$A$2:$A$1958,">="&DATE(2025,1,1),'עסקאות'!$A$2:$A$1958,"<"&DATE(2026,1,1))} -> 16347 | I15: {=H15/12} -> 1362.25 | J15: {=_xlfn.SUMIFS('עסקאות'!$M$2:$M$1958,'עסקאות'!$I$2:$I$1958,B15,'עסקאות'!$A$2:$A$1958,">="&DATE(2026,1,1),'עסקאות'!$A$2:$A$1958,"<"&DATE(2027,1,1))} -> 8838 | K15: {=J15/8} -> 1104.75 | L15: {=IF(I15=0,"",K15/I15-1)} -> -0.18902551 | M15: {=0.03} -> 0.03 | N15: {=IF(C15="שוטף",K15*M15,0)} -> 33.1425 | O15: {=N15*12} -> 397.71 | P15: תדלוק מתוכנן, איחוד נסיעות ובדיקת כיסוי ביטוחי פעם בשנה.
B16: קניות לבית | C16: שוטף | D16: {=_xlfn.SUMIFS('עסקאות'!$M$2:$M$1958,'עסקאות'!$I$2:$I$1958,B16)} -> 20138 | E16: {=D16/20} -> 1006.9 | F16: {=E16/2} -> 503.45 | G16: {=IF(SUM($D$7:$D$28)=0,"",D16/SUM($D$7:$D$28))} -> 0.024579369 | H16: {=_xlfn.SUMIFS('עסקאות'!$M$2:$M$1958,'עסקאות'!$I$2:$I$1958,B16,'עסקאות'!$A$2:$A$1958,">="&DATE(2025,1,1),'עסקאות'!$A$2:$A$1958,"<"&DATE(2026,1,1))} -> 15288 | I16: {=H16/12} -> 1274 | J16: {=_xlfn.SUMIFS('עסקאות'!$M$2:$M$1958,'עסקאות'!$I$2:$I$1958,B16,'עסקאות'!$A$2:$A$1958,">="&DATE(2026,1,1),'עסקאות'!$A$2:$A$1958,"<"&DATE(2027,1,1))} -> 4850 | K16: {=J16/8} -> 606.25 | L16: {=IF(I16=0,"",K16/I16-1)} -> -0.52413658 | M16: {=0.07} -> 0.07 | N16: {=IF(C16="שוטף",K16*M16,0)} -> 42.4375 | O16: {=N16*12} -> 509.25 | P16: חלון המתנה של 48 שעות ורשימת רכישות חודשית מאוחדת.
B17: מסים | C17: חריג | D17: {=_xlfn.SUMIFS('עסקאות'!$M$2:$M$1958,'עסקאות'!$I$2:$I$1958,B17)} -> 18826 | E17: {=D17/20} -> 941.3 | F17: {=E17/2} -> 470.65 | G17: {=IF(SUM($D$7:$D$28)=0,"",D17/SUM($D$7:$D$28))} -> 0.022978012 | H17: {=_xlfn.SUMIFS('עסקאות'!$M$2:$M$1958,'עסקאות'!$I$2:$I$1958,B17,'עסקאות'!$A$2:$A$1958,">="&DATE(2025,1,1),'עסקאות'!$A$2:$A$1958,"<"&DATE(2026,1,1))} -> 0 | I17: {=H17/12} -> 0 | J17: {=_xlfn.SUMIFS('עסקאות'!$M$2:$M$1958,'עסקאות'!$I$2:$I$1958,B17,'עסקאות'!$A$2:$A$1958,">="&DATE(2026,1,1),'עסקאות'!$A$2:$A$1958,"<"&DATE(2027,1,1))} -> 18826 | K17: {=J17/8} -> 2353.25 | L17: {=IF(I17=0,"",K17/I17-1)} | M17: {=0} -> 0 | N17: {=IF(C17="שוטף",K17*M17,0)} -> 0 | O17: {=N17*12} -> 0 | P17: הוצאה חריגה; לבדוק מול רו״ח אם היא חד־פעמית או צפויה לחזור.
B18: פנאי | C18: שוטף | D18: {=_xlfn.SUMIFS('עסקאות'!$M$2:$M$1958,'עסקאות'!$I$2:$I$1958,B18)} -> 11671 | E18: {=D18/20} -> 583.55 | F18: {=E18/2} -> 291.775 | G18: {=IF(SUM($D$7:$D$28)=0,"",D18/SUM($D$7:$D$28))} -> 0.014245 | H18: {=_xlfn.SUMIFS('עסקאות'!$M$2:$M$1958,'עסקאות'!$I$2:$I$1958,B18,'עסקאות'!$A$2:$A$1958,">="&DATE(2025,1,1),'עסקאות'!$A$2:$A$1958,"<"&DATE(2026,1,1))} -> 9397 | I18: {=H18/12} -> 783.08333 | J18: {=_xlfn.SUMIFS('עסקאות'!$M$2:$M$1958,'עסקאות'!$I$2:$I$1958,B18,'עסקאות'!$A$2:$A$1958,">="&DATE(2026,1,1),'עסקאות'!$A$2:$A$1958,"<"&DATE(2027,1,1))} -> 2274 | K18: {=J18/8} -> 284.25 | L18: {=IF(I18=0,"",K18/I18-1)} -> -0.63701181 | M18: {=0.07} -> 0.07 | N18: {=IF(C18="שוטף",K18*M18,0)} -> 19.8975 | O18: {=N18*12} -> 238.77 | P18: תקרה חודשית מתגלגלת בלי לבטל פעילויות קבועות.
B19: אופנה | C19: שוטף | D19: {=_xlfn.SUMIFS('עסקאות'!$M$2:$M$1958,'עסקאות'!$I$2:$I$1958,B19)} -> 10790 | E19: {=D19/20} -> 539.5 | F19: {=E19/2} -> 269.75 | G19: {=IF(SUM($D$7:$D$28)=0,"",D19/SUM($D$7:$D$28))} -> 0.013169699 | H19: {=_xlfn.SUMIFS('עסקאות'!$M$2:$M$1958,'עסקאות'!$I$2:$I$1958,B19,'עסקאות'!$A$2:$A$1958,">="&DATE(2025,1,1),'עסקאות'!$A$2:$A$1958,"<"&DATE(2026,1,1))} -> 7355 | I19: {=H19/12} -> 612.91667 | J19: {=_xlfn.SUMIFS('עסקאות'!$M$2:$M$1958,'עסקאות'!$I$2:$I$1958,B19,'עסקאות'!$A$2:$A$1958,">="&DATE(2026,1,1),'עסקאות'!$A$2:$A$1958,"<"&DATE(2027,1,1))} -> 3435 | K19: {=J19/8} -> 429.375 | L19: {=IF(I19=0,"",K19/I19-1)} -> -0.29945615 | M19: {=0.07} -> 0.07 | N19: {=IF(C19="שוטף",K19*M19,0)} -> 30.05625 | O19: {=N19*12} -> 360.675 | P19: תקרת קנייה חודשית נטו אחרי החזרות.
B20: מתנה | C20: שוטף | D20: {=_xlfn.SUMIFS('עסקאות'!$M$2:$M$1958,'עסקאות'!$I$2:$I$1958,B20)} -> 10572 | E20: {=D20/20} -> 528.6 | F20: {=E20/2} -> 264.3 | G20: {=IF(SUM($D$7:$D$28)=0,"",D20/SUM($D$7:$D$28))} -> 0.01290362 | H20: {=_xlfn.SUMIFS('עסקאות'!$M$2:$M$1958,'עסקאות'!$I$2:$I$1958,B20,'עסקאות'!$A$2:$A$1958,">="&DATE(2025,1,1),'עסקאות'!$A$2:$A$1958,"<"&DATE(2026,1,1))} -> 4345 | I20: {=H20/12} -> 362.08333 | J20: {=_xlfn.SUMIFS('עסקאות'!$M$2:$M$1958,'עסקאות'!$I$2:$I$1958,B20,'עסקאות'!$A$2:$A$1958,">="&DATE(2026,1,1),'עסקאות'!$A$2:$A$1958,"<"&DATE(2027,1,1))} -> 6227 | K20: {=J20/8} -> 778.375 | L20: {=IF(I20=0,"",K20/I20-1)} -> 1.1497123 | M20: {=0.07} -> 0.07 | N20: {=IF(C20="שוטף",K20*M20,0)} -> 54.48625 | O20: {=N20*12} -> 653.835 | P20: קרן שנתית לאירועים כדי להחליק חודשים יקרים.
B21: קוסמטיקה | C21: שוטף | D21: {=_xlfn.SUMIFS('עסקאות'!$M$2:$M$1958,'עסקאות'!$I$2:$I$1958,B21)} -> 8307 | E21: {=D21/20} -> 415.35 | F21: {=E21/2} -> 207.675 | G21: {=IF(SUM($D$7:$D$28)=0,"",D21/SUM($D$7:$D$28))} -> 0.010139081 | H21: {=_xlfn.SUMIFS('עסקאות'!$M$2:$M$1958,'עסקאות'!$I$2:$I$1958,B21,'עסקאות'!$A$2:$A$1958,">="&DATE(2025,1,1),'עסקאות'!$A$2:$A$1958,"<"&DATE(2026,1,1))} -> 5736 | I21: {=H21/12} -> 478 | J21: {=_xlfn.SUMIFS('עסקאות'!$M$2:$M$1958,'עסקאות'!$I$2:$I$1958,B21,'עסקאות'!$A$2:$A$1958,">="&DATE(2026,1,1),'עסקאות'!$A$2:$A$1958,"<"&DATE(2027,1,1))} -> 2571 | K21: {=J21/8} -> 321.375 | L21: {=IF(I21=0,"",K21/I21-1)} -> -0.32766736 | M21: {=0.07} -> 0.07 | N21: {=IF(C21="שוטף",K21*M21,0)} -> 22.49625 | O21: {=N21*12} -> 269.955 | P21: ריכוז טיפולים ורכישות ובדיקת חבילות/הנחות.
B22: אחר | C22: שוטף | D22: {=_xlfn.SUMIFS('עסקאות'!$M$2:$M$1958,'עסקאות'!$I$2:$I$1958,B22)} -> 7955 | E22: {=D22/20} -> 397.75 | F22: {=E22/2} -> 198.875 | G22: {=IF(SUM($D$7:$D$28)=0,"",D22/SUM($D$7:$D$28))} -> 0.0097094489 | H22: {=_xlfn.SUMIFS('עסקאות'!$M$2:$M$1958,'עסקאות'!$I$2:$I$1958,B22,'עסקאות'!$A$2:$A$1958,">="&DATE(2025,1,1),'עסקאות'!$A$2:$A$1958,"<"&DATE(2026,1,1))} -> 7955 | I22: {=H22/12} -> 662.91667 | J22: {=_xlfn.SUMIFS('עסקאות'!$M$2:$M$1958,'עסקאות'!$I$2:$I$1958,B22,'עסקאות'!$A$2:$A$1958,">="&DATE(2026,1,1),'עסקאות'!$A$2:$A$1958,"<"&DATE(2027,1,1))} -> 0 | K22: {=J22/8} -> 0 | L22: {=IF(I22=0,"",K22/I22-1)} -> -1 | M22: {=0} -> 0 | N22: {=IF(C22="שוטף",K22*M22,0)} -> 0 | O22: {=N22*12} -> 0 | P22: לבחון לפי סדרי העדיפויות של משק הבית.
B23: תחביבים ומיג'י | C23: שוטף | D23: {=_xlfn.SUMIFS('עסקאות'!$M$2:$M$1958,'עסקאות'!$I$2:$I$1958,B23)} -> 7297 | E23: {=D23/20} -> 364.85 | F23: {=E23/2} -> 182.425 | G23: {=IF(SUM($D$7:$D$28)=0,"",D23/SUM($D$7:$D$28))} -> 0.0089063291 | H23: {=_xlfn.SUMIFS('עסקאות'!$M$2:$M$1958,'עסקאות'!$I$2:$I$1958,B23,'עסקאות'!$A$2:$A$1958,">="&DATE(2025,1,1),'עסקאות'!$A$2:$A$1958,"<"&DATE(2026,1,1))} -> 1064 | I23: {=H23/12} -> 88.666667 | J23: {=_xlfn.SUMIFS('עסקאות'!$M$2:$M$1958,'עסקאות'!$I$2:$I$1958,B23,'עסקאות'!$A$2:$A$1958,">="&DATE(2026,1,1),'עסקאות'!$A$2:$A$1958,"<"&DATE(2027,1,1))} -> 6233 | K23: {=J23/8} -> 779.125 | L23: {=IF(I23=0,"",K23/I23-1)} -> 7.7871241 | M23: {=0} -> 0 | N23: {=IF(C23="שוטף",K23*M23,0)} -> 0 | O23: {=N23*12} -> 0 | P23: נדרש להסביר למומחה מה כוללת הקטגוריה לפני קביעת יעד.
B24: אלקטרוניקה | C24: שוטף | D24: {=_xlfn.SUMIFS('עסקאות'!$M$2:$M$1958,'עסקאות'!$I$2:$I$1958,B24)} -> 6498 | E24: {=D24/20} -> 324.9 | F24: {=E24/2} -> 162.45 | G24: {=IF(SUM($D$7:$D$28)=0,"",D24/SUM($D$7:$D$28))} -> 0.0079311123 | H24: {=_xlfn.SUMIFS('עסקאות'!$M$2:$M$1958,'עסקאות'!$I$2:$I$1958,B24,'עסקאות'!$A$2:$A$1958,">="&DATE(2025,1,1),'עסקאות'!$A$2:$A$1958,"<"&DATE(2026,1,1))} -> 3513 | I24: {=H24/12} -> 292.75 | J24: {=_xlfn.SUMIFS('עסקאות'!$M$2:$M$1958,'עסקאות'!$I$2:$I$1958,B24,'עסקאות'!$A$2:$A$1958,">="&DATE(2026,1,1),'עסקאות'!$A$2:$A$1958,"<"&DATE(2027,1,1))} -> 2985 | K24: {=J24/8} -> 373.125 | L24: {=IF(I24=0,"",K24/I24-1)} -> 0.27455167 | M24: {=0.07} -> 0.07 | N24: {=IF(C24="שוטף",K24*M24,0)} -> 26.11875 | O24: {=N24*12} -> 313.425 | P24: קרן חודשית לרכישות גדולות במקום רכישות אד-הוק.
B25: ביטוח | C25: שוטף | D25: {=_xlfn.SUMIFS('עסקאות'!$M$2:$M$1958,'עסקאות'!$I$2:$I$1958,B25)} -> 2216 | E25: {=D25/20} -> 110.8 | F25: {=E25/2} -> 55.4 | G25: {=IF(SUM($D$7:$D$28)=0,"",D25/SUM($D$7:$D$28))} -> 0.0027047314 | H25: {=_xlfn.SUMIFS('עסקאות'!$M$2:$M$1958,'עסקאות'!$I$2:$I$1958,B25,'עסקאות'!$A$2:$A$1958,">="&DATE(2025,1,1),'עסקאות'!$A$2:$A$1958,"<"&DATE(2026,1,1))} -> 1024 | I25: {=H25/12} -> 85.333333 | J25: {=_xlfn.SUMIFS('עסקאות'!$M$2:$M$1958,'עסקאות'!$I$2:$I$1958,B25,'עסקאות'!$A$2:$A$1958,">="&DATE(2026,1,1),'עסקאות'!$A$2:$A$1958,"<"&DATE(2027,1,1))} -> 1192 | K25: {=J25/8} -> 149 | L25: {=IF(I25=0,"",K25/I25-1)} -> 0.74609375 | M25: {=0.05} -> 0.05 | N25: {=IF(C25="שוטף",K25*M25,0)} -> 7.45 | O25: {=N25*12} -> 89.4 | P25: בדיקת כפילויות וכיסויים לפני חידוש; לא לבטל ללא בדיקה מקצועית.
B26: לא מסווג | C26: שוטף | D26: {=_xlfn.SUMIFS('עסקאות'!$M$2:$M$1958,'עסקאות'!$I$2:$I$1958,B26)} -> 1959 | E26: {=D26/20} -> 97.95 | F26: {=E26/2} -> 48.975 | G26: {=IF(SUM($D$7:$D$28)=0,"",D26/SUM($D$7:$D$28))} -> 0.002391051 | H26: {=_xlfn.SUMIFS('עסקאות'!$M$2:$M$1958,'עסקאות'!$I$2:$I$1958,B26,'עסקאות'!$A$2:$A$1958,">="&DATE(2025,1,1),'עסקאות'!$A$2:$A$1958,"<"&DATE(2026,1,1))} -> 0 | I26: {=H26/12} -> 0 | J26: {=_xlfn.SUMIFS('עסקאות'!$M$2:$M$1958,'עסקאות'!$I$2:$I$1958,B26,'עסקאות'!$A$2:$A$1958,">="&DATE(2026,1,1),'עסקאות'!$A$2:$A$1958,"<"&DATE(2027,1,1))} -> 1959 | K26: {=J26/8} -> 244.875 | L26: {=IF(I26=0,"",K26/I26-1)} | M26: {=0} -> 0 | N26: {=IF(C26="שוטף",K26*M26,0)} -> 0 | O26: {=N26*12} -> 0 | P26: יש לסווג לפני קבלת החלטות; רוב הסכום נובע מרשומה אחת בסך ₪1,800.
B27: עמלות | C27: שוטף | D27: {=_xlfn.SUMIFS('עסקאות'!$M$2:$M$1958,'עסקאות'!$I$2:$I$1958,B27)} -> 284 | E27: {=D27/20} -> 14.2 | F27: {=E27/2} -> 7.1 | G27: {=IF(SUM($D$7:$D$28)=0,"",D27/SUM($D$7:$D$28))} -> 0.00034663526 | H27: {=_xlfn.SUMIFS('עסקאות'!$M$2:$M$1958,'עסקאות'!$I$2:$I$1958,B27,'עסקאות'!$A$2:$A$1958,">="&DATE(2025,1,1),'עסקאות'!$A$2:$A$1958,"<"&DATE(2026,1,1))} -> 282 | I27: {=H27/12} -> 23.5 | J27: {=_xlfn.SUMIFS('עסקאות'!$M$2:$M$1958,'עסקאות'!$I$2:$I$1958,B27,'עסקאות'!$A$2:$A$1958,">="&DATE(2026,1,1),'עסקאות'!$A$2:$A$1958,"<"&DATE(2027,1,1))} -> 2 | K27: {=J27/8} -> 0.25 | L27: {=IF(I27=0,"",K27/I27-1)} -> -0.9893617 | M27: {=0.2} -> 0.2 | N27: {=IF(C27="שוטף",K27*M27,0)} -> 0.05 | O27: {=N27*12} -> 0.6 | P27: בדיקת מסלול עמלות ותנאי כרטיסים; הסכום קטן אך קל לטיפול.
B28: זרם פיננסי | C28: הכנסה שסווגה מחדש | D28: {=_xlfn.SUMIFS('עסקאות'!$M$2:$M$1958,'עסקאות'!$I$2:$I$1958,B28)} -> 0 | E28: {=D28/20} -> 0 | F28: {=E28/2} -> 0 | G28: {=IF(SUM($D$7:$D$28)=0,"",D28/SUM($D$7:$D$28))} -> 0 | H28: {=_xlfn.SUMIFS('עסקאות'!$M$2:$M$1958,'עסקאות'!$I$2:$I$1958,B28,'עסקאות'!$A$2:$A$1958,">="&DATE(2025,1,1),'עסקאות'!$A$2:$A$1958,"<"&DATE(2026,1,1))} -> 0 | I28: {=H28/12} -> 0 | J28: {=_xlfn.SUMIFS('עסקאות'!$M$2:$M$1958,'עסקאות'!$I$2:$I$1958,B28,'עסקאות'!$A$2:$A$1958,">="&DATE(2026,1,1),'עסקאות'!$A$2:$A$1958,"<"&DATE(2027,1,1))} -> 0 | K28: {=J28/8} -> 0 | L28: {=IF(I28=0,"",K28/I28-1)} | M28: {=0} -> 0 | N28: {=IF(C28="שוטף",K28*M28,0)} -> 0 | O28: {=N28*12} -> 0 | P28: ריביות והכנסות שנרשמו בסימן שלילי בצד ההוצאות; אינן הוצאה צרכנית.

Sheet המלצות
B2: המלצות להכנה לפגישת מומחה
B3: החיסכון הוא תרחיש שמרני המבוסס על ממוצע היסטורי; שיעורי היעד בכחול וניתנים לשינוי
B6: תחום | C6: בסיס חודשי (₪) | D6: יעד נמוך | E6: יעד גבוה | F6: חיסכון נמוך (₪) | G6: חיסכון גבוה (₪) | H6: שנתי נמוך (₪) | I6: שנתי גבוה (₪) | J6: פעולה ללא פגיעה מהותית
B7: אוכל בחוץ | C7: 1511.3 | D7: 0.07 | E7: 0.12 | F7: {=C7*D7} -> 105.791 | G7: {=C7*E7} -> 181.356 | H7: {=F7*12} -> 1269.492 | I7: {=G7*12} -> 2176.272 | J7: תקציב שבועי ושימוש מלא בהטבות לפני תשלום פרטי.
B8: מזון לבית | C8: 2087.05 | D8: 0.03 | E8: 0.06 | F8: {=C8*D8} -> 62.6115 | G8: {=C8*E8} -> 125.223 | H8: {=F8*12} -> 751.338 | I8: {=G8*12} -> 1502.676 | J8: איחוד קניות, רשימה קבועה והשוואת סל פעם בחודש.
B9: ספורט | C9: 1916.55 | D9: 0.05 | E9: 0.12 | F9: {=C9*D9} -> 95.8275 | G9: {=C9*E9} -> 229.986 | H9: {=F9*12} -> 1149.93 | I9: {=G9*12} -> 2759.832 | J9: לשמור על הפעילות ולבדוק חפיפה בין קאנטרי, מאמנים וחבילות.
B10: קניות, פנאי ואופנה | C10: 3398.8 | D10: 0.07 | E10: 0.12 | F10: {=C10*D10} -> 237.916 | G10: {=C10*E10} -> 407.856 | H10: {=F10*12} -> 2854.992 | I10: {=G10*12} -> 4894.272 | J10: תקרה חודשית משותפת עם יתרה מתגלגלת וחלון המתנה לרכישות.
B11: ניקיון | C11: {=_xlfn.SUMIFS('עסקאות'!$M$2:$M$1958,'עסקאות'!$F$2:$F$1958,"מנקה")/20} -> 523 | D11: 0.05 | E11: 0.15 | F11: {=C11*D11} -> 26.15 | G11: {=C11*E11} -> 78.45 | H11: {=F11*12} -> 313.8 | I11: {=G11*12} -> 941.4 | J11: בדיקת תדירות או משך ביקור, בלי לוותר על השירות.
B12: תחבורה | C12: 1259.25 | D12: 0.03 | E12: 0.07 | F12: {=C12*D12} -> 37.7775 | G12: {=C12*E12} -> 88.1475 | H12: {=F12*12} -> 453.33 | I12: {=G12*12} -> 1057.77 | J12: תדלוק מתוכנן, איחוד נסיעות ובדיקת ביטוח בחידוש.
B13: ביטוחים ועמלות | C13: 125 | D13: 0.05 | E13: 0.15 | F13: {=C13*D13} -> 6.25 | G13: {=C13*E13} -> 18.75 | H13: {=F13*12} -> 75 | I13: {=G13*12} -> 225 | J13: השוואת מסלולים וכפילויות; לא לבטל כיסוי ללא בדיקה מקצועית.
B14: תקשורת | C14: {=(_xlfn.SUMIFS('עסקאות'!$M$2:$M$1958,'עסקאות'!$F$2:$F$1958,"אינטרנט")+_xlfn.SUMIFS('עסקאות'!$M$2:$M$1958,'עסקאות'!$F$2:$F$1958,"סלולר")+_xlfn.SUMIFS('עסקאות'!$M$2:$M$1958,'עסקאות'!$F$2:$F$1958,"סלולר + אינטרנט"))/20} -> 152.1 | D14: 0.1 | E14: 0.2 | F14: {=C14*D14} -> 15.21 | G14: {=C14*E14} -> 30.42 | H14: {=F14*12} -> 182.52 | I14: {=G14*12} -> 365.04 | J14: סקר מחיר וחידוש הטבות אחת לשנה.
B15: סה״כ תרחיש | F15: {=SUM(F7:F14)} -> 587.5335 | G15: {=SUM(G7:G14)} -> 1160.1885 | H15: {=SUM(H7:H14)} -> 7050.402 | I15: {=SUM(I7:I14)} -> 13922.262 | J15: היעדים הם נקודת פתיחה לדיון, לא הוראה אוטומטית לקיצוץ.
B18: נושא לבדיקה | C18: סכום/בסיס | D18: למה חשוב | E18: מה לבקש מהמומחה
B19: בריאות וטיפולים | C19: 2584.05 | D19: לא לקצץ טיפול | E19: בדיקת החזרים, שב״ן וכפל ביטוח
B20: דיור | C20: 8836.5 | D20: ההוצאה המבנית הגדולה ביותר | E20: פירוק שכר דירה, ניקיון, תקשורת וחשבונות
B21: נכס להשקעה | C21: 134579 | D21: דורש רווח והפסד נפרד | E21: תשואה נטו, מימון, תחזוקה ומיסוי
B22: לא מסווג | C22: 1959 | D22: אי אפשר להמליץ בלי להבין את הסכום | E22: להשלים סיווג לפני הפגישה
B23: תחביבים ומיג'י | C23: 364.85 | D23: הקטגוריה אינה מוסברת | E23: להגדיר מה חיוני ומה גמיש

Sheet בתי עסק
B2: ניתוח בתי עסק ותיאורים
B3: הקיבוץ הוא לפי תיאור מדויק; שמות דומים עלולים להופיע בשורות נפרדות
B6: תיאור | C6: קבוצה עיקרית | D6: מספר עסקאות | E6: חודשים פעילים | F6: סה״כ (₪) | G6: ממוצע לעסקה (₪) | H6: ממוצע חודשי (₪) | I6: 2025 (₪) | J6: 2026 (₪)
B7: שכר דירה | C7: דיור – בית מגורים | D7: 18 | E7: 18 | F7: {=_xlfn.SUMIFS('עסקאות'!$M$2:$M$1958,'עסקאות'!$F$2:$F$1958,B7)} -> 141500 | G7: {=IF(D7=0,"",F7/D7)} -> 7861.1111 | H7: {=F7/20} -> 7075 | I7: {=_xlfn.SUMIFS('עסקאות'!$M$2:$M$1958,'עסקאות'!$F$2:$F$1958,B7,'עסקאות'!$A$2:$A$1958,">="&DATE(2025,1,1),'עסקאות'!$A$2:$A$1958,"<"&DATE(2026,1,1))} -> 77500 | J7: {=_xlfn.SUMIFS('עסקאות'!$M$2:$M$1958,'עסקאות'!$F$2:$F$1958,B7,'עסקאות'!$A$2:$A$1958,">="&DATE(2026,1,1),'עסקאות'!$A$2:$A$1958,"<"&DATE(2027,1,1))} -> 64000
B8: משכנתא | C8: נכס להשקעה | D8: 20 | E8: 20 | F8: {=_xlfn.SUMIFS('עסקאות'!$M$2:$M$1958,'עסקאות'!$F$2:$F$1958,B8)} -> 122792 | G8: {=IF(D8=0,"",F8/D8)} -> 6139.6 | H8: {=F8/20} -> 6139.6 | I8: {=_xlfn.SUMIFS('עסקאות'!$M$2:$M$1958,'עסקאות'!$F$2:$F$1958,B8,'עסקאות'!$A$2:$A$1958,">="&DATE(2025,1,1),'עסקאות'!$A$2:$A$1958,"<"&DATE(2026,1,1))} -> 73618 | J8: {=_xlfn.SUMIFS('עסקאות'!$M$2:$M$1958,'עסקאות'!$F$2:$F$1958,B8,'עסקאות'!$A$2:$A$1958,">="&DATE(2026,1,1),'עסקאות'!$A$2:$A$1958,"<"&DATE(2027,1,1))} -> 49174
B9: חלי | C9: חתונה | D9: 1 | E9: 1 | F9: {=_xlfn.SUMIFS('עסקאות'!$M$2:$M$1958,'עסקאות'!$F$2:$F$1958,B9)} -> 32471 | G9: {=IF(D9=0,"",F9/D9)} -> 32471 | H9: {=F9/20} -> 1623.55 | I9: {=_xlfn.SUMIFS('עסקאות'!$M$2:$M$1958,'עסקאות'!$F$2:$F$1958,B9,'עסקאות'!$A$2:$A$1958,">="&DATE(2025,1,1),'עסקאות'!$A$2:$A$1958,"<"&DATE(2026,1,1))} -> 32471 | J9: {=_xlfn.SUMIFS('עסקאות'!$M$2:$M$1958,'עסקאות'!$F$2:$F$1958,B9,'עסקאות'!$A$2:$A$1958,">="&DATE(2026,1,1),'עסקאות'!$A$2:$A$1958,"<"&DATE(2027,1,1))} -> 0
B10: ליאת | C10: בריאות וטיפולים | D10: 19 | E10: 19 | F10: {=_xlfn.SUMIFS('עסקאות'!$M$2:$M$1958,'עסקאות'!$F$2:$F$1958,B10)} -> 31050 | G10: {=IF(D10=0,"",F10/D10)} -> 1634.2105 | H10: {=F10/20} -> 1552.5 | I10: {=_xlfn.SUMIFS('עסקאות'!$M$2:$M$1958,'עסקאות'!$F$2:$F$1958,B10,'עסקאות'!$A$2:$A$1958,">="&DATE(2025,1,1),'עסקאות'!$A$2:$A$1958,"<"&DATE(2026,1,1))} -> 16650 | J10: {=_xlfn.SUMIFS('עסקאות'!$M$2:$M$1958,'עסקאות'!$F$2:$F$1958,B10,'עסקאות'!$A$2:$A$1958,">="&DATE(2026,1,1),'עסקאות'!$A$2:$A$1958,"<"&DATE(2027,1,1))} -> 14400
B11: סופר | C11: מזון לבית | D11: 221 | E11: 20 | F11: {=_xlfn.SUMIFS('עסקאות'!$M$2:$M$1958,'עסקאות'!$F$2:$F$1958,B11)} -> 29703 | G11: {=IF(D11=0,"",F11/D11)} -> 134.40271 | H11: {=F11/20} -> 1485.15 | I11: {=_xlfn.SUMIFS('עסקאות'!$M$2:$M$1958,'עסקאות'!$F$2:$F$1958,B11,'עסקאות'!$A$2:$A$1958,">="&DATE(2025,1,1),'עסקאות'!$A$2:$A$1958,"<"&DATE(2026,1,1))} -> 15422 | J11: {=_xlfn.SUMIFS('עסקאות'!$M$2:$M$1958,'עסקאות'!$F$2:$F$1958,B11,'עסקאות'!$A$2:$A$1958,">="&DATE(2026,1,1),'עסקאות'!$A$2:$A$1958,"<"&DATE(2027,1,1))} -> 14281
B12: יפן | C12: נסיעות וחופשות | D12: 7 | E12: 3 | F12: {=_xlfn.SUMIFS('עסקאות'!$M$2:$M$1958,'עסקאות'!$F$2:$F$1958,B12)} -> 20825 | G12: {=IF(D12=0,"",F12/D12)} -> 2975 | H12: {=F12/20} -> 1041.25 | I12: {=_xlfn.SUMIFS('עסקאות'!$M$2:$M$1958,'עסקאות'!$F$2:$F$1958,B12,'עסקאות'!$A$2:$A$1958,">="&DATE(2025,1,1),'עסקאות'!$A$2:$A$1958,"<"&DATE(2026,1,1))} -> 20825 | J12: {=_xlfn.SUMIFS('עסקאות'!$M$2:$M$1958,'עסקאות'!$F$2:$F$1958,B12,'עסקאות'!$A$2:$A$1958,">="&DATE(2026,1,1),'עסקאות'!$A$2:$A$1958,"<"&DATE(2027,1,1))} -> 0
B13: מס יסף | C13: מסים | D13: 1 | E13: 1 | F13: {=_xlfn.SUMIFS('עסקאות'!$M$2:$M$1958,'עסקאות'!$F$2:$F$1958,B13)} -> 16703 | G13: {=IF(D13=0,"",F13/D13)} -> 16703 | H13: {=F13/20} -> 835.15 | I13: {=_xlfn.SUMIFS('עסקאות'!$M$2:$M$1958,'עסקאות'!$F$2:$F$1958,B13,'עסקאות'!$A$2:$A$1958,">="&DATE(2025,1,1),'עסקאות'!$A$2:$A$1958,"<"&DATE(2026,1,1))} -> 0 | J13: {=_xlfn.SUMIFS('עסקאות'!$M$2:$M$1958,'עסקאות'!$F$2:$F$1958,B13,'עסקאות'!$A$2:$A$1958,">="&DATE(2026,1,1),'עסקאות'!$A$2:$A$1958,"<"&DATE(2027,1,1))} -> 16703
B14: קרוז + ניו יורק 26 | C14: נסיעות וחופשות | D14: 1 | E14: 1 | F14: {=_xlfn.SUMIFS('עסקאות'!$M$2:$M$1958,'עסקאות'!$F$2:$F$1958,B14)} -> 16037 | G14: {=IF(D14=0,"",F14/D14)} -> 16037 | H14: {=F14/20} -> 801.85 | I14: {=_xlfn.SUMIFS('עסקאות'!$M$2:$M$1958,'עסקאות'!$F$2:$F$1958,B14,'עסקאות'!$A$2:$A$1958,">="&DATE(2025,1,1),'עסקאות'!$A$2:$A$1958,"<"&DATE(2026,1,1))} -> 0 | J14: {=_xlfn.SUMIFS('עסקאות'!$M$2:$M$1958,'עסקאות'!$F$2:$F$1958,B14,'עסקאות'!$A$2:$A$1958,">="&DATE(2026,1,1),'עסקאות'!$A$2:$A$1958,"<"&DATE(2027,1,1))} -> 16037
B15: שוויץ 26 | C15: נסיעות וחופשות | D15: 4 | E15: 4 | F15: {=_xlfn.SUMIFS('עסקאות'!$M$2:$M$1958,'עסקאות'!$F$2:$F$1958,B15)} -> 15586 | G15: {=IF(D15=0,"",F15/D15)} -> 3896.5 | H15: {=F15/20} -> 779.3 | I15: {=_xlfn.SUMIFS('עסקאות'!$M$2:$M$1958,'עסקאות'!$F$2:$F$1958,B15,'עסקאות'!$A$2:$A$1958,">="&DATE(2025,1,1),'עסקאות'!$A$2:$A$1958,"<"&DATE(2026,1,1))} -> 100 | J15: {=_xlfn.SUMIFS('עסקאות'!$M$2:$M$1958,'עסקאות'!$F$2:$F$1958,B15,'עסקאות'!$A$2:$A$1958,">="&DATE(2026,1,1),'עסקאות'!$A$2:$A$1958,"<"&DATE(2027,1,1))} -> 15486
B16: אימונים | C16: ספורט | D16: 5 | E16: 5 | F16: {=_xlfn.SUMIFS('עסקאות'!$M$2:$M$1958,'עסקאות'!$F$2:$F$1958,B16)} -> 15441 | G16: {=IF(D16=0,"",F16/D16)} -> 3088.2 | H16: {=F16/20} -> 772.05 | I16: {=_xlfn.SUMIFS('עסקאות'!$M$2:$M$1958,'עסקאות'!$F$2:$F$1958,B16,'עסקאות'!$A$2:$A$1958,">="&DATE(2025,1,1),'עסקאות'!$A$2:$A$1958,"<"&DATE(2026,1,1))} -> 12441 | J16: {=_xlfn.SUMIFS('עסקאות'!$M$2:$M$1958,'עסקאות'!$F$2:$F$1958,B16,'עסקאות'!$A$2:$A$1958,">="&DATE(2026,1,1),'עסקאות'!$A$2:$A$1958,"<"&DATE(2027,1,1))} -> 3000
B17: מלון | C17: נסיעות וחופשות | D17: 7 | E17: 2 | F17: {=_xlfn.SUMIFS('עסקאות'!$M$2:$M$1958,'עסקאות'!$F$2:$F$1958,B17)} -> 11581 | G17: {=IF(D17=0,"",F17/D17)} -> 1654.4286 | H17: {=F17/20} -> 579.05 | I17: {=_xlfn.SUMIFS('עסקאות'!$M$2:$M$1958,'עסקאות'!$F$2:$F$1958,B17,'עסקאות'!$A$2:$A$1958,">="&DATE(2025,1,1),'עסקאות'!$A$2:$A$1958,"<"&DATE(2026,1,1))} -> 11581 | J17: {=_xlfn.SUMIFS('עסקאות'!$M$2:$M$1958,'עסקאות'!$F$2:$F$1958,B17,'עסקאות'!$A$2:$A$1958,">="&DATE(2026,1,1),'עסקאות'!$A$2:$A$1958,"<"&DATE(2027,1,1))} -> 0
B18: טיסה בחגים | C18: נסיעות וחופשות | D18: 1 | E18: 1 | F18: {=_xlfn.SUMIFS('עסקאות'!$M$2:$M$1958,'עסקאות'!$F$2:$F$1958,B18)} -> 11470 | G18: {=IF(D18=0,"",F18/D18)} -> 11470 | H18: {=F18/20} -> 573.5 | I18: {=_xlfn.SUMIFS('עסקאות'!$M$2:$M$1958,'עסקאות'!$F$2:$F$1958,B18,'עסקאות'!$A$2:$A$1958,">="&DATE(2025,1,1),'עסקאות'!$A$2:$A$1958,"<"&DATE(2026,1,1))} -> 11470 | J18: {=_xlfn.SUMIFS('עסקאות'!$M$2:$M$1958,'עסקאות'!$F$2:$F$1958,B18,'עסקאות'!$A$2:$A$1958,">="&DATE(2026,1,1),'עסקאות'!$A$2:$A$1958,"<"&DATE(2027,1,1))} -> 0
... B538: החזר מלון | C538: נסיעות וחופשות | D538: 2 | E538: 1 | F538: {=_xlfn.SUMIFS('עסקאות'!$M$2:$M$1958,'עסקאות'!$F$2:$F$1958,B538)} -> -4190 | G538: {=IF(D538=0,"",F538/D538)} -> -2095 | H538: {=F538/20} -> -209.5 | I538: {=_xlfn.SUMIFS('עסקאות'!$M$2:$M$1958,'עסקאות'!$F$2:$F$1958,B538,'עסקאות'!$A$2:$A$1958,">="&DATE(2025,1,1),'עסקאות'!$A$2:$A$1958,"<"&DATE(2026,1,1))} -> -4190 | J538: {=_xlfn.SUMIFS('עסקאות'!$M$2:$M$1958,'עסקאות'!$F$2:$F$1958,B538,'עסקאות'!$A$2:$A$1958,">="&DATE(2026,1,1),'עסקאות'!$A$2:$A$1958,"<"&DATE(2027,1,1))} -> 0

Sheet עסקאות
A1: חודש | B1: תקופה | C1: גיליון מקור | D1: שורת מקור | E1: תאריך מקור | F1: תיאור | G1: סכום מקור (₪) | H1: קטגוריה מקורית | I1: קבוצה מנורמלת | J1: סיווג בסיס | K1: טיפול בשורה | L1: סטטוס | M1: הוצאה תקנית | N1: הוצאה שוטפת | O1: הכנסה שסווגה מחדש | P1: כרטיס | Q1: הערות | R1: סיכום חופשה
A2: 45658 | B2: 2025-01 | C2: ינואר 25 | D2: 2 | E2: 12 | F2: הכנסה משכר דירה | G2: -6500 | H2: דירה כצנלסון | I2: נכס להשקעה | J2: חריג/נכס | K2: {=IF(OR(H2="ריביות",AND(H2="דירה כצנלסון",G2<0,ISNUMBER(SEARCH("הכנסה",F2)))),"הכנסה שסווגה מחדש",J2)} -> הכנסה שסווגה מחדש | L2: מאושר | M2: {=IF(L2="מאושר",IF(K2="הכנסה שסווגה מחדש",0,G2),0)} -> 0 | N2: {=IF(K2="שוטף",M2,0)} -> 0 | O2: {=IF(K2="הכנסה שסווגה מחדש",-G2,0)} -> 6500 | P2: one zero | R2: לא
A3: 45658 | B3: 2025-01 | C3: ינואר 25 | D3: 3 | E3: 19 | F3: ריבית מחיסון | G3: -143 | H3: ריביות | I3: זרם פיננסי | J3: הכנסה שסווגה מחדש | K3: {=IF(OR(H3="ריביות",AND(H3="דירה כצנלסון",G3<0,ISNUMBER(SEARCH("הכנסה",F3)))),"הכנסה שסווגה מחדש",J3)} -> הכנסה שסווגה מחדש | L3: מאושר | M3: {=IF(L3="מאושר",IF(K3="הכנסה שסווגה מחדש",0,G3),0)} -> 0 | N3: {=IF(K3="שוטף",M3,0)} -> 0 | O3: {=IF(K3="הכנסה שסווגה מחדש",-G3,0)} -> 143 | P3: one zero | R3: לא
A4: 45658 | B4: 2025-01 | C4: ינואר 25 | D4: 4 | F4: חול | G4: 1098 | H4: חול | I4: נסיעות וחופשות | J4: חריג | K4: {=IF(OR(H4="ריביות",AND(H4="דירה כצנלסון",G4<0,ISNUMBER(SEARCH("הכנסה",F4)))),"הכנסה שסווגה מחדש",J4)} -> חריג | L4: מאושר | M4: {=IF(L4="מאושר",IF(K4="הכנסה שסווגה מחדש",0,G4),0)} -> 1098 | N4: {=IF(K4="שוטף",M4,0)} -> 0 | O4: {=IF(K4="הכנסה שסווגה מחדש",-G4,0)} -> 0 | P4: one zero זיו | R4: לא
A5: 45658 | B5: 2025-01 | C5: ינואר 25 | D5: 5 | E5: 7 | F5: חשמל כצלנסון | G5: 60 | H5: דירה כצנלסון | I5: נכס להשקעה | J5: חריג/נכס | K5: {=IF(OR(H5="ריביות",AND(H5="דירה כצנלסון",G5<0,ISNUMBER(SEARCH("הכנסה",F5)))),"הכנסה שסווגה מחדש",J5)} -> חריג/נכס | L5: מאושר | M5: {=IF(L5="מאושר",IF(K5="הכנסה שסווגה מחדש",0,G5),0)} -> 60 | N5: {=IF(K5="שוטף",M5,0)} -> 0 | O5: {=IF(K5="הכנסה שסווגה מחדש",-G5,0)} -> 0 | P5: one zero זיו | R5: לא
A6: 45658 | B6: 2025-01 | C6: ינואר 25 | D6: 6 | E6: 10 | F6: יונקלו | G6: 954 | H6: אופנה | I6: אופנה | J6: שוטף | K6: {=IF(OR(H6="ריביות",AND(H6="דירה כצנלסון",G6<0,ISNUMBER(SEARCH("הכנסה",F6)))),"הכנסה שסווגה מחדש",J6)} -> שוטף | L6: מאושר | M6: {=IF(L6="מאושר",IF(K6="הכנסה שסווגה מחדש",0,G6),0)} -> 954 | N6: {=IF(K6="שוטף",M6,0)} -> 954 | O6: {=IF(K6="הכנסה שסווגה מחדש",-G6,0)} -> 0 | P6: one zero זיו | R6: לא
A7: 45658 | B7: 2025-01 | C7: ינואר 25 | D7: 7 | E7: 11 | F7: קניות איפור | G7: 76 | H7: קוסמטיקה | I7: קוסמטיקה | J7: שוטף | K7: {=IF(OR(H7="ריביות",AND(H7="דירה כצנלסון",G7<0,ISNUMBER(SEARCH("הכנסה",F7)))),"הכנסה שסווגה מחדש",J7)} -> שוטף | L7: מאושר | M7: {=IF(L7="מאושר",IF(K7="הכנסה שסווגה מחדש",0,G7),0)} -> 76 | N7: {=IF(K7="שוטף",M7,0)} -> 76 | O7: {=IF(K7="הכנסה שסווגה מחדש",-G7,0)} -> 0 | P7: one zero זיו | R7: לא
A8: 45658 | B8: 2025-01 | C8: ינואר 25 | D8: 8 | E8: 16 | F8: פיצוציה | G8: 14 | H8: אוכל בחוץ | I8: אוכל בחוץ | J8: שוטף | K8: {=IF(OR(H8="ריביות",AND(H8="דירה כצנלסון",G8<0,ISNUMBER(SEARCH("הכנסה",F8)))),"הכנסה שסווגה מחדש",J8)} -> שוטף | L8: מאושר | M8: {=IF(L8="מאושר",IF(K8="הכנסה שסווגה מחדש",0,G8),0)} -> 14 | N8: {=IF(K8="שוטף",M8,0)} -> 14 | O8: {=IF(K8="הכנסה שסווגה מחדש",-G8,0)} -> 0 | P8: one zero זיו | R8: לא
A9: 45658 | B9: 2025-01 | C9: ינואר 25 | D9: 9 | E9: 24 | F9: יקב נווה ירק | G9: 365 | H9: אוכל בחוץ | I9: אוכל בחוץ | J9: שוטף | K9: {=IF(OR(H9="ריביות",AND(H9="דירה כצנלסון",G9<0,ISNUMBER(SEARCH("הכנסה",F9)))),"הכנסה שסווגה מחדש",J9)} -> שוטף | L9: מאושר | M9: {=IF(L9="מאושר",IF(K9="הכנסה שסווגה מחדש",0,G9),0)} -> 365 | N9: {=IF(K9="שוטף",M9,0)} -> 365 | O9: {=IF(K9="הכנסה שסווגה מחדש",-G9,0)} -> 0 | P9: one zero זיו | R9: לא
A10: 45658 | B10: 2025-01 | C10: ינואר 25 | D10: 10 | E10: 29 | F10: פורטר | G10: 205 | H10: אוכל בחוץ | I10: אוכל בחוץ | J10: שוטף | K10: {=IF(OR(H10="ריביות",AND(H10="דירה כצנלסון",G10<0,ISNUMBER(SEARCH("הכנסה",F10)))),"הכנסה שסווגה מחדש",J10)} -> שוטף | L10: מאושר | M10: {=IF(L10="מאושר",IF(K10="הכנסה שסווגה מחדש",0,G10),0)} -> 205 | N10: {=IF(K10="שוטף",M10,0)} -> 205 | O10: {=IF(K10="הכנסה שסווגה מחדש",-G10,0)} -> 0 | P10: one zero זיו | R10: לא
A11: 45658 | B11: 2025-01 | C11: ינואר 25 | D11: 11 | E11: 7 | F11: מים | G11: 125 | H11: מגורים צריכה | I11: דיור – בית מגורים | J11: שוטף | K11: {=IF(OR(H11="ריביות",AND(H11="דירה כצנלסון",G11<0,ISNUMBER(SEARCH("הכנסה",F11)))),"הכנסה שסווגה מחדש",J11)} -> שוטף | L11: מאושר | M11: {=IF(L11="מאושר",IF(K11="הכנסה שסווגה מחדש",0,G11),0)} -> 125 | N11: {=IF(K11="שוטף",M11,0)} -> 125 | O11: {=IF(K11="הכנסה שסווגה מחדש",-G11,0)} -> 0 | P11: one zero עינור | R11: לא
A12: 45658 | B12: 2025-01 | C12: ינואר 25 | D12: 12 | E12: 7 | F12: מים כצנלסון | G12: 8 | H12: דירה כצנלסון | I12: נכס להשקעה | J12: חריג/נכס | K12: {=IF(OR(H12="ריביות",AND(H12="דירה כצנלסון",G12<0,ISNUMBER(SEARCH("הכנסה",F12)))),"הכנסה שסווגה מחדש",J12)} -> חריג/נכס | L12: מאושר | M12: {=IF(L12="מאושר",IF(K12="הכנסה שסווגה מחדש",0,G12),0)} -> 8 | N12: {=IF(K12="שוטף",M12,0)} -> 0 | O12: {=IF(K12="הכנסה שסווגה מחדש",-G12,0)} -> 0 | P12: one zero עינור | R12: לא
A13: 45658 | B13: 2025-01 | C13: ינואר 25 | D13: 13 | E13: 12 | F13: לק | G13: 110 | H13: קוסמטיקה | I13: קוסמטיקה | J13: שוטף | K13: {=IF(OR(H13="ריביות",AND(H13="דירה כצנלסון",G13<0,ISNUMBER(SEARCH("הכנסה",F13)))),"הכנסה שסווגה מחדש",J13)} -> שוטף | L13: מאושר | M13: {=IF(L13="מאושר",IF(K13="הכנסה שסווגה מחדש",0,G13),0)} -> 110 | N13: {=IF(K13="שוטף",M13,0)} -> 110 | O13: {=IF(K13="הכנסה שסווגה מחדש",-G13,0)} -> 0 | P13: one zero עינור | R13: לא
A14: 45658 | B14: 2025-01 | C14: ינואר 25 | D14: 14 | E14: 12 | F14: סופר | G14: 14 | H14: מזון לבית | I14: מזון לבית | J14: שוטף | K14: {=IF(OR(H14="ריביות",AND(H14="דירה כצנלסון",G14<0,ISNUMBER(SEARCH("הכנסה",F14)))),"הכנסה שסווגה מחדש",J14)} -> שוטף | L14: מאושר | M14: {=IF(L14="מאושר",IF(K14="הכנסה שסווגה מחדש",0,G14),0)} -> 14 | N14: {=IF(K14="שוטף",M14,0)} -> 14 | O14: {=IF(K14="הכנסה שסווגה מחדש",-G14,0)} -> 0 | P14: one zero עינור | R14: לא
A15: 45658 | B15: 2025-01 | C15: ינואר 25 | D15: 15 | F15: משחק | G15: 50 | H15: פנאי | I15: פנאי | J15: שוטף | K15: {=IF(OR(H15="ריביות",AND(H15="דירה כצנלסון",G15<0,ISNUMBER(SEARCH("הכנסה",F15)))),"הכנסה שסווגה מחדש",J15)} -> שוטף | L15: מאושר | M15: {=IF(L15="מאושר",IF(K15="הכנסה שסווגה מחדש",0,G15),0)} -> 50 | N15: {=IF(K15="שוטף",M15,0)} -> 50 | O15: {=IF(K15="הכנסה שסווגה מחדש",-G15,0)} -> 0 | P15: one zero עינור | R15: לא
A16: 45658 | B16: 2025-01 | C16: ינואר 25 | D16: 16 | F16: חול | G16: 1065 | H16: חול | I16: נסיעות וחופשות | J16: חריג | K16: {=IF(OR(H16="ריביות",AND(H16="דירה כצנלסון",G16<0,ISNUMBER(SEARCH("הכנסה",F16)))),"הכנסה שסווגה מחדש",J16)} -> חריג | L16: מאושר | M16: {=IF(L16="מאושר",IF(K16="הכנסה שסווגה מחדש",0,G16),0)} -> 1065 | N16: {=IF(K16="שוטף",M16,0)} -> 0 | O16: {=IF(K16="הכנסה שסווגה מחדש",-G16,0)} -> 0 | P16: one zero עינור | R16: לא
A17: 45658 | B17: 2025-01 | C17: ינואר 25 | D17: 17 | E17: 26 | F17: שיין | G17: 286 | H17: אופנה | I17: אופנה | J17: שוטף | K17: {=IF(OR(H17="ריביות",AND(H17="דירה כצנלסון",G17<0,ISNUMBER(SEARCH("הכנסה",F17)))),"הכנסה שסווגה מחדש",J17)} -> שוטף | L17: מאושר | M17: {=IF(L17="מאושר",IF(K17="הכנסה שסווגה מחדש",0,G17),0)} -> 286 | N17: {=IF(K17="שוטף",M17,0)} -> 286 | O17: {=IF(K17="הכנסה שסווגה מחדש",-G17,0)} -> 0 | P17: one zero עינור | R17: לא
A18: 45658 | B18: 2025-01 | C18: ינואר 25 | D18: 18 | F18: אימונים | G18: 522 | H18: ספורט | I18: ספורט | J18: שוטף | K18: {=IF(OR(H18="ריביות",AND(H18="דירה כצנלסון",G18<0,ISNUMBER(SEARCH("הכנסה",F18)))),"הכנסה שסווגה מחדש",J18)} -> שוטף | L18: מאושר | M18: {=IF(L18="מאושר",IF(K18="הכנסה שסווגה מחדש",0,G18),0)} -> 522 | N18: {=IF(K18="שוטף",M18,0)} -> 522 | O18: {=IF(K18="הכנסה שסווגה מחדש",-G18,0)} -> 0 | P18: אחר - עינור | R18: לא
A19: 45658 | B19: 2025-01 | C19: ינואר 25 | D19: 19 | E19: 18 | F19: ארנונה | G19: 950 | H19: מגורים צריכה | I19: דיור – בית מגורים | J19: שוטף | K19: {=IF(OR(H19="ריביות",AND(H19="דירה כצנלסון",G19<0,ISNUMBER(SEARCH("הכנסה",F19)))),"הכנסה שסווגה מחדש",J19)} -> שוטף | L19: מאושר | M19: {=IF(L19="מאושר",IF(K19="הכנסה שסווגה מחדש",0,G19),0)} -> 950 | N19: {=IF(K19="שוטף",M19,0)} -> 950 | O19: {=IF(K19="הכנסה שסווגה מחדש",-G19,0)} -> 0 | P19: אמקס זיו | R19: לא
A20: 45658 | B20: 2025-01 | C20: ינואר 25 | D20: 20 | E20: 18 | F20: גז | G20: 39 | H20: מגורים צריכה | I20: דיור – בית מגורים | J20: שוטף | K20: {=IF(OR(H20="ריביות",AND(H20="דירה כצנלסון",G20<0,ISNUMBER(SEARCH("הכנסה",F20)))),"הכנסה שסווגה מחדש",J20)} -> שוטף | L20: מאושר | M20: {=IF(L20="מאושר",IF(K20="הכנסה שסווגה מחדש",0,G20),0)} -> 39 | N20: {=IF(K20="שוטף",M20,0)} -> 39 | O20: {=IF(K20="הכנסה שסווגה מחדש",-G20,0)} -> 0 | P20: אמקס זיו | R20: לא
A21: 45658 | B21: 2025-01 | C21: ינואר 25 | D21: 21 | E21: 12 | F21: סלולר + אינטרנט | G21: 169 | H21: מגורים חודשי | I21: דיור – בית מגורים | J21: שוטף | K21: {=IF(OR(H21="ריביות",AND(H21="דירה כצנלסון",G21<0,ISNUMBER(SEARCH("הכנסה",F21)))),"הכנסה שסווגה מחדש",J21)} -> שוטף | L21: מאושר | M21: {=IF(L21="מאושר",IF(K21="הכנסה שסווגה מחדש",0,G21),0)} -> 169 | N21: {=IF(K21="שוטף",M21,0)} -> 169 | O21: {=IF(K21="הכנסה שסווגה מחדש",-G21,0)} -> 0 | P21: אמקס זיו | R21: לא
A22: 45658 | B22: 2025-01 | C22: ינואר 25 | D22: 22 | E22: 28 | F22: ביטוח מבנה | G22: 87 | H22: דירה כצנלסון | I22: נכס להשקעה | J22: חריג/נכס | K22: {=IF(OR(H22="ריביות",AND(H22="דירה כצנלסון",G22<0,ISNUMBER(SEARCH("הכנסה",F22)))),"הכנסה שסווגה מחדש",J22)} -> חריג/נכס | L22: מאושר | M22: {=IF(L22="מאושר",IF(K22="הכנסה שסווגה מחדש",0,G22),0)} -> 87 | N22: {=IF(K22="שוטף",M22,0)} -> 0 | O22: {=IF(K22="הכנסה שסווגה מחדש",-G22,0)} -> 0 | P22: אמקס זיו | R22: לא
A23: 45658 | B23: 2025-01 | C23: ינואר 25 | D23: 23 | E23: 28 | F23: ביטוח חיים | G23: 29 | H23: דירה כצנלסון | I23: נכס להשקעה | J23: חריג/נכס | K23: {=IF(OR(H23="ריביות",AND(H23="דירה כצנלסון",G23<0,ISNUMBER(SEARCH("הכנסה",F23)))),"הכנסה שסווגה מחדש",J23)} -> חריג/נכס | L23: מאושר | M23: {=IF(L23="מאושר",IF(K23="הכנסה שסווגה מחדש",0,G23),0)} -> 29 | N23: {=IF(K23="שוטף",M23,0)} -> 0 | O23: {=IF(K23="הכנסה שסווגה מחדש",-G23,0)} -> 0 | P23: אמקס זיו | R23: לא
A24: 45658 | B24: 2025-01 | C24: ינואר 25 | D24: 24 | E24: 25 | F24: חניון הדסה | G24: 54 | H24: תחבורה | I24: תחבורה | J24: שוטף | K24: {=IF(OR(H24="ריביות",AND(H24="דירה כצנלסון",G24<0,ISNUMBER(SEARCH("הכנסה",F24)))),"הכנסה שסווגה מחדש",J24)} -> שוטף | L24: מאושר | M24: {=IF(L24="מאושר",IF(K24="הכנסה שסווגה מחדש",0,G24),0)} -> 54 | N24: {=IF(K24="שוטף",M24,0)} -> 54 | O24: {=IF(K24="הכנסה שסווגה מחדש",-G24,0)} -> 0 | P24: אמקס זיו | R24: לא
A25: 45658 | B25: 2025-01 | C25: ינואר 25 | D25: 25 | E25: 25 | F25: תחבץ | G25: 36 | H25: תחבורה | I25: תחבורה | J25: שוטף | K25: {=IF(OR(H25="ריביות",AND(H25="דירה כצנלסון",G25<0,ISNUMBER(SEARCH("הכנסה",F25)))),"הכנסה שסווגה מחדש",J25)} -> שוטף | L25: מאושר | M25: {=IF(L25="מאושר",IF(K25="הכנסה שסווגה מחדש",0,G25),0)} -> 36 | N25: {=IF(K25="שוטף",M25,0)} -> 36 | O25: {=IF(K25="הכנסה שסווגה מחדש",-G25,0)} -> 0 | P25: אמקס זיו | R25: לא
A26: 45658 | B26: 2025-01 | C26: ינואר 25 | D26: 26 | E26: 25 | F26: דלק | G26: 208 | H26: תחבורה | I26: תחבורה | J26: שוטף | K26: {=IF(OR(H26="ריביות",AND(H26="דירה כצנלסון",G26<0,ISNUMBER(SEARCH("הכנסה",F26)))),"הכנסה שסווגה מחדש",J26)} -> שוטף | L26: מאושר | M26: {=IF(L26="מאושר",IF(K26="הכנסה שסווגה מחדש",0,G26),0)} -> 208 | N26: {=IF(K26="שוטף",M26,0)} -> 208 | O26: {=IF(K26="הכנסה שסווגה מחדש",-G26,0)} -> 0 | P26: אמקס זיו | R26: לא
A27: 45658 | B27: 2025-01 | C27: ינואר 25 | D27: 27 | E27: 23 | F27: סופר פארם | G27: 34 | H27: בריאות | I27: בריאות וטיפולים | J27: שוטף | K27: {=IF(OR(H27="ריביות",AND(H27="דירה כצנלסון",G27<0,ISNUMBER(SEARCH("הכנסה",F27)))),"הכנסה שסווגה מחדש",J27)} -> שוטף | L27: מאושר | M27: {=IF(L27="מאושר",IF(K27="הכנסה שסווגה מחדש",0,G27),0)} -> 34 | N27: {=IF(K27="שוטף",M27,0)} -> 34 | O27: {=IF(K27="הכנסה שסווגה מחדש",-G27,0)} -> 0 | P27: אמקס זיו | R27: לא
A28: 45658 | B28: 2025-01 | C28: ינואר 25 | D28: 28 | E28: 21 | F28: סופר פארם | G28: 20 | H28: בריאות | I28: בריאות וטיפולים | J28: שוטף | K28: {=IF(OR(H28="ריביות",AND(H28="דירה כצנלסון",G28<0,ISNUMBER(SEARCH("הכנסה",F28)))),"הכנסה שסווגה מחדש",J28)} -> שוטף | L28: מאושר | M28: {=IF(L28="מאושר",IF(K28="הכנסה שסווגה מחדש",0,G28),0)} -> 20 | N28: {=IF(K28="שוטף",M28,0)} -> 20 | O28: {=IF(K28="הכנסה שסווגה מחדש",-G28,0)} -> 0 | P28: אמקס זיו | R28: לא
A29: 45658 | B29: 2025-01 | C29: ינואר 25 | D29: 29 | E29: 21 | F29: שיניים | G29: 110 | H29: בריאות | I29: בריאות וטיפולים | J29: שוטף | K29: {=IF(OR(H29="ריביות",AND(H29="דירה כצנלסון",G29<0,ISNUMBER(SEARCH("הכנסה",F29)))),"הכנסה שסווגה מחדש",J29)} -> שוטף | L29: מאושר | M29: {=IF(L29="מאושר",IF(K29="הכנסה שסווגה מחדש",0,G29),0)} -> 110 | N29: {=IF(K29="שוטף",M29,0)} -> 110 | O29: {=IF(K29="הכנסה שסווגה מחדש",-G29,0)} -> 0 | P29: אמקס זיו | R29: לא
A30: 45658 | B30: 2025-01 | C30: ינואר 25 | D30: 30 | E30: 19 | F30: טסט לרכב | G30: 123 | H30: תחבורה | I30: תחבורה | J30: שוטף | K30: {=IF(OR(H30="ריביות",AND(H30="דירה כצנלסון",G30<0,ISNUMBER(SEARCH("הכנסה",F30)))),"הכנסה שסווגה מחדש",J30)} -> שוטף | L30: מאושר | M30: {=IF(L30="מאושר",IF(K30="הכנסה שסווגה מחדש",0,G30),0)} -> 123 | N30: {=IF(K30="שוטף",M30,0)} -> 123 | O30: {=IF(K30="הכנסה שסווגה מחדש",-G30,0)} -> 0 | P30: אמקס זיו | R30: לא
... A53: 45658 | B53: 2025-01 | C53: ינואר 25 | D53: 53 | E53: 24 | F53: סופר | G53: 327 | H53: מזון לבית | I53: מזון לבית | J53: שוטף | K53: {=IF(OR(H53="ריביות",AND(H53="דירה כצנלסון",G53<0,ISNUMBER(SEARCH("הכנסה",F53)))),"הכנסה שסווגה מחדש",J53)} -> שוטף | L53: מאושר | M53: {=IF(L53="מאושר",IF(K53="הכנסה שסווגה מחדש",0,G53),0)} -> 327 | N53: {=IF(K53="שוטף",M53,0)} -> 327 | O53: {=IF(K53="הכנסה שסווגה מחדש",-G53,0)} -> 0 | P53: הוט זיו | R53: לא
A54: 45658 | B54: 2025-01 | C54: ינואר 25 | D54: 54 | F54: מנקה | G54: 400 | H54: מגורים צריכה | I54: דיור – בית מגורים | J54: שוטף | K54: {=IF(OR(H54="ריביות",AND(H54="דירה כצנלסון",G54<0,ISNUMBER(SEARCH("הכנסה",F54)))),"הכנסה שסווגה מחדש",J54)} -> שוטף | L54: מאושר | M54: {=IF(L54="מאושר",IF(K54="הכנסה שסווגה מחדש",0,G54),0)} -> 400 | N54: {=IF(K54="שוטף",M54,0)} -> 400 | O54: {=IF(K54="הכנסה שסווגה מחדש",-G54,0)} -> 0 | P54: מזומן | R54: לא
A55: 45658 | B55: 2025-01 | C55: ינואר 25 | D55: 55 | E55: 28 | F55: קרפור | G55: 13 | H55: מזון לבית | I55: מזון לבית | J55: שוטף | K55: {=IF(OR(H55="ריביות",AND(H55="דירה כצנלסון",G55<0,ISNUMBER(SEARCH("הכנסה",F55)))),"הכנסה שסווגה מחדש",J55)} -> שוטף | L55: מאושר | M55: {=IF(L55="מאושר",IF(K55="הכנסה שסווגה מחדש",0,G55),0)} -> 13 | N55: {=IF(K55="שוטף",M55,0)} -> 13 | O55: {=IF(K55="הכנסה שסווגה מחדש",-G55,0)} -> 0 | P55: מקס זיו | R55: לא
A56: 45658 | B56: 2025-01 | C56: ינואר 25 | D56: 56 | E56: 15 | F56: טיפול רכב | G56: 1221 | H56: תחבורה | I56: תחבורה | J56: שוטף | K56: {=IF(OR(H56="ריביות",AND(H56="דירה כצנלסון",G56<0,ISNUMBER(SEARCH("הכנסה",F56)))),"הכנסה שסווגה מחדש",J56)} -> שוטף | L56: מאושר | M56: {=IF(L56="מאושר",IF(K56="הכנסה שסווגה מחדש",0,G56),0)} -> 1221 | N56: {=IF(K56="שוטף",M56,0)} -> 1221 | O56: {=IF(K56="הכנסה שסווגה מחדש",-G56,0)} -> 0 | P56: מקס עינור | R56: לא
A57: 45658 | B57: 2025-01 | C57: ינואר 25 | D57: 57 | E57: 19 | F57: מאפיה | G57: 59 | H57: אוכל בחוץ | I57: אוכל בחוץ | J57: שוטף | K57: {=IF(OR(H57="ריביות",AND(H57="דירה כצנלסון",G57<0,ISNUMBER(SEARCH("הכנסה",F57)))),"הכנסה שסווגה מחדש",J57)} -> שוטף | L57: מאושר | M57: {=IF(L57="מאושר",IF(K57="הכנסה שסווגה מחדש",0,G57),0)} -> 59 | N57: {=IF(K57="שוטף",M57,0)} -> 59 | O57: {=IF(K57="הכנסה שסווגה מחדש",-G57,0)} -> 0 | P57: מקס עינור | R57: לא
A58: 45658 | B58: 2025-01 | C58: ינואר 25 | D58: 58 | E58: 25 | F58: חומוס | G58: 33 | H58: אוכל בחוץ | I58: אוכל בחוץ | J58: שוטף | K58: {=IF(OR(H58="ריביות",AND(H58="דירה כצנלסון",G58<0,ISNUMBER(SEARCH("הכנסה",F58)))),"הכנסה שסווגה מחדש",J58)} -> שוטף | L58: מאושר | M58: {=IF(L58="מאושר",IF(K58="הכנסה שסווגה מחדש",0,G58),0)} -> 33 | N58: {=IF(K58="שוטף",M58,0)} -> 33 | O58: {=IF(K58="הכנסה שסווגה מחדש",-G58,0)} -> 0 | P58: מקס עינור | R58: לא
A59: 45658 | B59: 2025-01 | C59: ינואר 25 | D59: 59 | E59: 26 | F59: ביט (אוכל) | G59: 25 | H59: אוכל בחוץ | I59: אוכל בחוץ | J59: שוטף | K59: {=IF(OR(H59="ריביות",AND(H59="דירה כצנלסון",G59<0,ISNUMBER(SEARCH("הכנסה",F59)))),"הכנסה שסווגה מחדש",J59)} -> שוטף | L59: מאושר | M59: {=IF(L59="מאושר",IF(K59="הכנסה שסווגה מחדש",0,G59),0)} -> 25 | N59: {=IF(K59="שוטף",M59,0)} -> 25 | O59: {=IF(K59="הכנסה שסווגה מחדש",-G59,0)} -> 0 | P59: מקס עינור | R59: לא
A60: 45658 | B60: 2025-01 | C60: ינואר 25 | D60: 60 | E60: 26 | F60: שמלת כלה (ביט) | G60: 2500 | H60: חתונה | I60: חתונה | J60: חריג | K60: {=IF(OR(H60="ריביות",AND(H60="דירה כצנלסון",G60<0,ISNUMBER(SEARCH("הכנסה",F60)))),"הכנסה שסווגה מחדש",J60)} -> חריג | L60: מאושר | M60: {=IF(L60="מאושר",IF(K60="הכנסה שסווגה מחדש",0,G60),0)} -> 2500 | N60: {=IF(K60="שוטף",M60,0)} -> 0 | O60: {=IF(K60="הכנסה שסווגה מחדש",-G60,0)} -> 0 | P60: מקס עינור | R60: לא
A61: 45658 | B61: 2025-01 | C61: ינואר 25 | D61: 61 | E61: 27 | F61: ביטוח חובה | G61: 1797 | H61: תחבורה | I61: תחבורה | J61: שוטף | K61: {=IF(OR(H61="ריביות",AND(H61="דירה כצנלסון",G61<0,ISNUMBER(SEARCH("הכנסה",F61)))),"הכנסה שסווגה מחדש",J61)} -> שוטף | L61: מאושר | M61: {=IF(L61="מאושר",IF(K61="הכנסה שסווגה מחדש",0,G61),0)} -> 1797 | N61: {=IF(K61="שוטף",M61,0)} -> 1797 | O61: {=IF(K61="הכנסה שסווגה מחדש",-G61,0)} -> 0 | P61: מקס עינור | R61: לא
A62: 45658 | B62: 2025-01 | C62: ינואר 25 | D62: 62 | E62: 28 | F62: ביטוח מקיף | G62: 2683 | H62: תחבורה | I62: תחבורה | J62: שוטף | K62: {=IF(OR(H62="ריביות",AND(H62="דירה כצנלסון",G62<0,ISNUMBER(SEARCH("הכנסה",F62)))),"הכנסה שסווגה מחדש",J62)} -> שוטף | L62: מאושר | M62: {=IF(L62="מאושר",IF(K62="הכנסה שסווגה מחדש",0,G62),0)} -> 2683 | N62: {=IF(K62="שוטף",M62,0)} -> 2683 | O62: {=IF(K62="הכנסה שסווגה מחדש",-G62,0)} -> 0 | P62: מקס עינור | R62: לא
A63: 45658 | B63: 2025-01 | C63: ינואר 25 | D63: 63 | E63: 31 | F63: פרחים (ביט) | G63: 35 | H63: קניות לבית | I63: קניות לבית | J63: שוטף | K63: {=IF(OR(H63="ריביות",AND(H63="דירה כצנלסון",G63<0,ISNUMBER(SEARCH("הכנסה",F63)))),"הכנסה שסווגה מחדש",J63)} -> שוטף | L63: מאושר | M63: {=IF(L63="מאושר",IF(K63="הכנסה שסווגה מחדש",0,G63),0)} -> 35 | N63: {=IF(K63="שוטף",M63,0)} -> 35 | O63: {=IF(K63="הכנסה שסווגה מחדש",-G63,0)} -> 0 | P63: מקס עינור | R63: לא
A64: 45658 | B64: 2025-01 | C64: ינואר 25 | D64: 64 | E64: 12 | F64: סופר | G64: 205 | H64: מזון לבית | I64: מזון לבית | J64: שוטף | K64: {=IF(OR(H64="ריביות",AND(H64="דירה כצנלסון",G64<0,ISNUMBER(SEARCH("הכנסה",F64)))),"הכנסה שסווגה מחדש",J64)} -> שוטף | L64: מאושר | M64: {=IF(L64="מאושר",IF(K64="הכנסה שסווגה מחדש",0,G64),0)} -> 205 | N64: {=IF(K64="שוטף",M64,0)} -> 205 | O64: {=IF(K64="הכנסה שסווגה מחדש",-G64,0)} -> 0 | P64: סיבוס עינור | R64: לא
A65: 45658 | B65: 2025-01 | C65: ינואר 25 | D65: 65 | E65: 20 | F65: סופר | G65: 104 | H65: מזון לבית | I65: מזון לבית | J65: שוטף | K65: {=IF(OR(H65="ריביות",AND(H65="דירה כצנלסון",G65<0,ISNUMBER(SEARCH("הכנסה",F65)))),"הכנסה שסווגה מחדש",J65)} -> שוטף | L65: מאושר | M65: {=IF(L65="מאושר",IF(K65="הכנסה שסווגה מחדש",0,G65),0)} -> 104 | N65: {=IF(K65="שוטף",M65,0)} -> 104 | O65: {=IF(K65="הכנסה שסווגה מחדש",-G65,0)} -> 0 | P65: סיבוס עינור | R65: לא
A66: 45658 | B66: 2025-01 | C66: ינואר 25 | D66: 66 | E66: 21 | F66: סופר | G66: 8 | H66: מזון לבית | I66: מזון לבית | J66: שוטף | K66: {=IF(OR(H66="ריביות",AND(H66="דירה כצנלסון",G66<0,ISNUMBER(SEARCH("הכנסה",F66)))),"הכנסה שסווגה מחדש",J66)} -> שוטף | L66: מאושר | M66: {=IF(L66="מאושר",IF(K66="הכנסה שסווגה מחדש",0,G66),0)} -> 8 | N66: {=IF(K66="שוטף",M66,0)} -> 8 | O66: {=IF(K66="הכנסה שסווגה מחדש",-G66,0)} -> 0 | P66: סיבוס עינור | R66: לא
... A71: 45658 | B71: 2025-01 | C71: ינואר 25 | D71: 71 | E71: 31 | F71: סופר | G71: 59 | H71: מזון לבית | I71: מזון לבית | J71: שוטף | K71: {=IF(OR(H71="ריביות",AND(H71="דירה כצנלסון",G71<0,ISNUMBER(SEARCH("הכנסה",F71)))),"הכנסה שסווגה מחדש",J71)} -> שוטף | L71: מאושר | M71: {=IF(L71="מאושר",IF(K71="הכנסה שסווגה מחדש",0,G71),0)} -> 59 | N71: {=IF(K71="שוטף",M71,0)} -> 59 | O71: {=IF(K71="הכנסה שסווגה מחדש",-G71,0)} -> 0 | P71: סיבוס עינור | R71: לא
A72: 45658 | B72: 2025-01 | C72: ינואר 25 | D72: 72 | F72: חשמל | G72: 0 | H72: מגורים צריכה | I72: דיור – בית מגורים | J72: שוטף | K72: {=IF(OR(H72="ריביות",AND(H72="דירה כצנלסון",G72<0,ISNUMBER(SEARCH("הכנסה",F72)))),"הכנסה שסווגה מחדש",J72)} -> שוטף | L72: מאושר | M72: {=IF(L72="מאושר",IF(K72="הכנסה שסווגה מחדש",0,G72),0)} -> 0 | N72: {=IF(K72="שוטף",M72,0)} -> 0 | O72: {=IF(K72="הכנסה שסווגה מחדש",-G72,0)} -> 0 | R72: לא
A73: 45658 | B73: 2025-01 | C73: ינואר 25 | D73: 73 | F73: ועד בית | G73: 0 | H73: מגורים צריכה | I73: דיור – בית מגורים | J73: שוטף | K73: {=IF(OR(H73="ריביות",AND(H73="דירה כצנלסון",G73<0,ISNUMBER(SEARCH("הכנסה",F73)))),"הכנסה שסווגה מחדש",J73)} -> שוטף | L73: מאושר | M73: {=IF(L73="מאושר",IF(K73="הכנסה שסווגה מחדש",0,G73),0)} -> 0 | N73: {=IF(K73="שוטף",M73,0)} -> 0 | O73: {=IF(K73="הכנסה שסווגה מחדש",-G73,0)} -> 0 | R73: לא
A74: 45689 | B74: 2025-02 | C74: פברואר 25 | D74: 2 | E74: 14 | F74: שכר דירה | G74: 7500 | H74: מגורים חודשי | I74: דיור – בית מגורים | J74: שוטף | K74: {=IF(OR(H74="ריביות",AND(H74="דירה כצנלסון",G74<0,ISNUMBER(SEARCH("הכנסה",F74)))),"הכנסה שסווגה מחדש",J74)} -> שוטף | L74: מאושר | M74: {=IF(L74="מאושר",IF(K74="הכנסה שסווגה מחדש",0,G74),0)} -> 7500 | N74: {=IF(K74="שוטף",M74,0)} -> 7500 | O74: {=IF(K74="הכנסה שסווגה מחדש",-G74,0)} -> 0 | P74: דיסקונט | R74: לא
A75: 45689 | B75: 2025-02 | C75: פברואר 25 | D75: 3 | E75: 10 | F75: משכנתא | G75: 6121 | H75: דירה כצנלסון | I75: נכס להשקעה | J75: חריג/נכס | K75: {=IF(OR(H75="ריביות",AND(H75="דירה כצנלסון",G75<0,ISNUMBER(SEARCH("הכנסה",F75)))),"הכנסה שסווגה מחדש",J75)} -> חריג/נכס | L75: מאושר | M75: {=IF(L75="מאושר",IF(K75="הכנסה שסווגה מחדש",0,G75),0)} -> 6121 | N75: {=IF(K75="שוטף",M75,0)} -> 0 | O75: {=IF(K75="הכנסה שסווגה מחדש",-G75,0)} -> 0 | P75: דיסקונט | R75: לא
A76: 45689 | B76: 2025-02 | C76: פברואר 25 | D76: 4 | F76: הכנסה משכר דירה | G76: -6500 | H76: דירה כצנלסון | I76: נכס להשקעה | J76: חריג/נכס | K76: {=IF(OR(H76="ריביות",AND(H76="דירה כצנלסון",G76<0,ISNUMBER(SEARCH("הכנסה",F76)))),"הכנסה שסווגה מחדש",J76)} -> הכנסה שסווגה מחדש | L76: מאושר | M76: {=IF(L76="מאושר",IF(K76="הכנסה שסווגה מחדש",0,G76),0)} -> 0 | N76: {=IF(K76="שוטף",M76,0)} -> 0 | O76: {=IF(K76="הכנסה שסווגה מחדש",-G76,0)} -> 6500 | P76: דיסקונט | R76: לא
A77: 45689 | B77: 2025-02 | C77: פברואר 25 | D77: 5 | F77: ארנונה | G77: 976 | H77: מגורים צריכה | I77: דיור – בית מגורים | J77: שוטף | K77: {=IF(OR(H77="ריביות",AND(H77="דירה כצנלסון",G77<0,ISNUMBER(SEARCH("הכנסה",F77)))),"הכנסה שסווגה מחדש",J77)} -> שוטף | L77: מאושר | M77: {=IF(L77="מאושר",IF(K77="הכנסה שסווגה מחדש",0,G77),0)} -> 976 | N77: {=IF(K77="שוטף",M77,0)} -> 976 | O77: {=IF(K77="הכנסה שסווגה מחדש",-G77,0)} -> 0 | R77: לא
A78: 45689 | B78: 2025-02 | C78: פברואר 25 | D78: 6 | E78: 2 | F78: חשמל | G78: 106 | H78: מגורים צריכה | I78: דיור – בית מגורים | J78: שוטף | K78: {=IF(OR(H78="ריביות",AND(H78="דירה כצנלסון",G78<0,ISNUMBER(SEARCH("הכנסה",F78)))),"הכנסה שסווגה מחדש",J78)} -> שוטף | L78: מאושר | M78: {=IF(L78="מאושר",IF(K78="הכנסה שסווגה מחדש",0,G78),0)} -> 106 | N78: {=IF(K78="שוטף",M78,0)} -> 106 | O78: {=IF(K78="הכנסה שסווגה מחדש",-G78,0)} -> 0 | P78: מקס זיו | R78: לא
A79: 45689 | B79: 2025-02 | C79: פברואר 25 | D79: 7 | F79: מים | G79: 0 | H79: מגורים צריכה | I79: דיור – בית מגורים | J79: שוטף | K79: {=IF(OR(H79="ריביות",AND(H79="דירה כצנלסון",G79<0,ISNUMBER(SEARCH("הכנסה",F79)))),"הכנסה שסווגה מחדש",J79)} -> שוטף | L79: מאושר | M79: {=IF(L79="מאושר",IF(K79="הכנסה שסווגה מחדש",0,G79),0)} -> 0 | N79: {=IF(K79="שוטף",M79,0)} -> 0 | O79: {=IF(K79="הכנסה שסווגה מחדש",-G79,0)} -> 0 | R79: לא
A80: 45689 | B80: 2025-02 | C80: פברואר 25 | D80: 8 | F80: ועד בית | G80: 0 | H80: מגורים צריכה | I80: דיור – בית מגורים | J80: שוטף | K80: {=IF(OR(H80="ריביות",AND(H80="דירה כצנלסון",G80<0,ISNUMBER(SEARCH("הכנסה",F80)))),"הכנסה שסווגה מחדש",J80)} -> שוטף | L80: מאושר | M80: {=IF(L80="מאושר",IF(K80="הכנסה שסווגה מחדש",0,G80),0)} -> 0 | N80: {=IF(K80="שוטף",M80,0)} -> 0 | O80: {=IF(K80="הכנסה שסווגה מחדש",-G80,0)} -> 0 | R80: לא
A81: 45689 | B81: 2025-02 | C81: פברואר 25 | D81: 9 | F81: גז | G81: 0 | H81: מגורים צריכה | I81: דיור – בית מגורים | J81: שוטף | K81: {=IF(OR(H81="ריביות",AND(H81="דירה כצנלסון",G81<0,ISNUMBER(SEARCH("הכנסה",F81)))),"הכנסה שסווגה מחדש",J81)} -> שוטף | L81: מאושר | M81: {=IF(L81="מאושר",IF(K81="הכנסה שסווגה מחדש",0,G81),0)} -> 0 | N81: {=IF(K81="שוטף",M81,0)} -> 0 | O81: {=IF(K81="הכנסה שסווגה מחדש",-G81,0)} -> 0 | R81: לא
A82: 45689 | B82: 2025-02 | C82: פברואר 25 | D82: 10 | E82: 11 | F82: סלולר + אינטרנט | G82: 169 | H82: מגורים חודשי | I82: דיור – בית מגורים | J82: שוטף | K82: {=IF(OR(H82="ריביות",AND(H82="דירה כצנלסון",G82<0,ISNUMBER(SEARCH("הכנסה",F82)))),"הכנסה שסווגה מחדש",J82)} -> שוטף | L82: מאושר | M82: {=IF(L82="מאושר",IF(K82="הכנסה שסווגה מחדש",0,G82),0)} -> 169 | N82: {=IF(K82="שוטף",M82,0)} -> 169 | O82: {=IF(K82="הכנסה שסווגה מחדש",-G82,0)} -> 0 | P82: אמקס זיו | R82: לא
A83: 45689 | B83: 2025-02 | C83: פברואר 25 | D83: 11 | E83: 25 | F83: ביטוח מבנה | G83: 87 | H83: דירה כצנלסון | I83: נכס להשקעה | J83: חריג/נכס | K83: {=IF(OR(H83="ריביות",AND(H83="דירה כצנלסון",G83<0,ISNUMBER(SEARCH("הכנסה",F83)))),"הכנסה שסווגה מחדש",J83)} -> חריג/נכס | L83: מאושר | M83: {=IF(L83="מאושר",IF(K83="הכנסה שסווגה מחדש",0,G83),0)} -> 87 | N83: {=IF(K83="שוטף",M83,0)} -> 0 | O83: {=IF(K83="הכנסה שסווגה מחדש",-G83,0)} -> 0 | P83: אמקס זיו | R83: לא
A84: 45689 | B84: 2025-02 | C84: פברואר 25 | D84: 12 | E84: 25 | F84: ביטוח חיים | G84: 29 | H84: דירה כצנלסון | I84: נכס להשקעה | J84: חריג/נכס | K84: {=IF(OR(H84="ריביות",AND(H84="דירה כצנלסון",G84<0,ISNUMBER(SEARCH("הכנסה",F84)))),"הכנסה שסווגה מחדש",J84)} -> חריג/נכס | L84: מאושר | M84: {=IF(L84="מאושר",IF(K84="הכנסה שסווגה מחדש",0,G84),0)} -> 29 | N84: {=IF(K84="שוטף",M84,0)} -> 0 | O84: {=IF(K84="הכנסה שסווגה מחדש",-G84,0)} -> 0 | P84: אמקס זיו | R84: לא
A85: 45689 | B85: 2025-02 | C85: פברואר 25 | D85: 13 | F85: מנקה | G85: 400 | H85: מגורים צריכה | I85: דיור – בית מגורים | J85: שוטף | K85: {=IF(OR(H85="ריביות",AND(H85="דירה כצנלסון",G85<0,ISNUMBER(SEARCH("הכנסה",F85)))),"הכנסה שסווגה מחדש",J85)} -> שוטף | L85: מאושר | M85: {=IF(L85="מאושר",IF(K85="הכנסה שסווגה מחדש",0,G85),0)} -> 400 | N85: {=IF(K85="שוטף",M85,0)} -> 400 | O85: {=IF(K85="הכנסה שסווגה מחדש",-G85,0)} -> 0 | P85: מזומן | R85: לא
A86: 45689 | B86: 2025-02 | C86: פברואר 25 | D86: 14 | E86: 31.1 | F86: יש לנו פיל (פאיי פאל) | G86: 203 | H86: אחר | I86: אחר | J86: שוטף | K86: {=IF(OR(H86="ריביות",AND(H86="דירה כצנלסון",G86<0,ISNUMBER(SEARCH("הכנסה",F86)))),"הכנסה שסווגה מחדש",J86)} -> שוטף | L86: מאושר | M86: {=IF(L86="מאושר",IF(K86="הכנסה שסווגה מחדש",0,G86),0)} -> 203 | N86: {=IF(K86="שוטף",M86,0)} -> 203 | O86: {=IF(K86="הכנסה שסווגה מחדש",-G86,0)} -> 0 | P86: one zero עינור | R86: לא
A87: 45689 | B87: 2025-02 | C87: פברואר 25 | D87: 15 | E87: 1 | F87: צלחות | G87: 349 | H87: קניות לבית | I87: קניות לבית | J87: שוטף | K87: {=IF(OR(H87="ריביות",AND(H87="דירה כצנלסון",G87<0,ISNUMBER(SEARCH("הכנסה",F87)))),"הכנסה שסווגה מחדש",J87)} -> שוטף | L87: מאושר | M87: {=IF(L87="מאושר",IF(K87="הכנסה שסווגה מחדש",0,G87),0)} -> 349 | N87: {=IF(K87="שוטף",M87,0)} -> 349 | O87: {=IF(K87="הכנסה שסווגה מחדש",-G87,0)} -> 0 | P87: one zero עינור | R87: לא
A88: 45689 | B88: 2025-02 | C88: פברואר 25 | D88: 16 | E88: 9 | F88: צלחות | G88: 349 | H88: קניות לבית | I88: קניות לבית | J88: שוטף | K88: {=IF(OR(H88="ריביות",AND(H88="דירה כצנלסון",G88<0,ISNUMBER(SEARCH("הכנסה",F88)))),"הכנסה שסווגה מחדש",J88)} -> שוטף | L88: מאושר | M88: {=IF(L88="מאושר",IF(K88="הכנסה שסווגה מחדש",0,G88),0)} -> 349 | N88: {=IF(K88="שוטף",M88,0)} -> 349 | O88: {=IF(K88="הכנסה שסווגה מחדש",-G88,0)} -> 0 | P88: one zero עינור | R88: לא
A89: 45689 | B89: 2025-02 | C89: פברואר 25 | D89: 17 | E89: 14 | F89: מקדמה חלי | G89: 7000 | H89: חתונה | I89: חתונה | J89: חריג | K89: {=IF(OR(H89="ריביות",AND(H89="דירה כצנלסון",G89<0,ISNUMBER(SEARCH("הכנסה",F89)))),"הכנסה שסווגה מחדש",J89)} -> חריג | L89: מאושר | M89: {=IF(L89="מאושר",IF(K89="הכנסה שסווגה מחדש",0,G89),0)} -> 7000 | N89: {=IF(K89="שוטף",M89,0)} -> 0 | O89: {=IF(K89="הכנסה שסווגה מחדש",-G89,0)} -> 0 | P89: one zero | R89: לא
A90: 45689 | B90: 2025-02 | C90: פברואר 25 | D90: 18 | E90: 24 | F90: הסכם ממון בית משפט | G90: 803 | H90: אחר | I90: אחר | J90: שוטף | K90: {=IF(OR(H90="ריביות",AND(H90="דירה כצנלסון",G90<0,ISNUMBER(SEARCH("הכנסה",F90)))),"הכנסה שסווגה מחדש",J90)} -> שוטף | L90: מאושר | M90: {=IF(L90="מאושר",IF(K90="הכנסה שסווגה מחדש",0,G90),0)} -> 803 | N90: {=IF(K90="שוטף",M90,0)} -> 803 | O90: {=IF(K90="הכנסה שסווגה מחדש",-G90,0)} -> 0 | P90: one zero | R90: לא
A91: 45689 | B91: 2025-02 | C91: פברואר 25 | D91: 19 | E91: 24 | F91: שיער - נעמה | G91: 400 | H91: חתונה | I91: חתונה | J91: חריג | K91: {=IF(OR(H91="ריביות",AND(H91="דירה כצנלסון",G91<0,ISNUMBER(SEARCH("הכנסה",F91)))),"הכנסה שסווגה מחדש",J91)} -> חריג | L91: מאושר | M91: {=IF(L91="מאושר",IF(K91="הכנסה שסווגה מחדש",0,G91),0)} -> 400 | N91: {=IF(K91="שוטף",M91,0)} -> 0 | O91: {=IF(K91="הכנסה שסווגה מחדש",-G91,0)} -> 0 | P91: one zero | R91: לא
A92: 45689 | B92: 2025-02 | C92: פברואר 25 | D92: 20 | E92: 25 | F92: אימונים זיו | G92: 2050 | H92: ספורט | I92: ספורט | J92: שוטף | K92: {=IF(OR(H92="ריביות",AND(H92="דירה כצנלסון",G92<0,ISNUMBER(SEARCH("הכנסה",F92)))),"הכנסה שסווגה מחדש",J92)} -> שוטף | L92: מאושר | M92: {=IF(L92="מאושר",IF(K92="הכנסה שסווגה מחדש",0,G92),0)} -> 2050 | N92: {=IF(K92="שוטף",M92,0)} -> 2050 | O92: {=IF(K92="הכנסה שסווגה מחדש",-G92,0)} -> 0 | P92: one zero | R92: לא
A93: 45689 | B93: 2025-02 | C93: פברואר 25 | D93: 21 | E93: 13 | F93: חתונה עמית | G93: 600 | H93: מתנה | I93: מתנה | J93: שוטף | K93: {=IF(OR(H93="ריביות",AND(H93="דירה כצנלסון",G93<0,ISNUMBER(SEARCH("הכנסה",F93)))),"הכנסה שסווגה מחדש",J93)} -> שוטף | L93: מאושר | M93: {=IF(L93="מאושר",IF(K93="הכנסה שסווגה מחדש",0,G93),0)} -> 600 | N93: {=IF(K93="שוטף",M93,0)} -> 600 | O93: {=IF(K93="הכנסה שסווגה מחדש",-G93,0)} -> 0 | P93: דיסקונט | R93: לא
A94: 45689 | B94: 2025-02 | C94: פברואר 25 | D94: 22 | E94: 2 | F94: טיסה בחגים | G94: 11470 | H94: חול | I94: נסיעות וחופשות | J94: חריג | K94: {=IF(OR(H94="ריביות",AND(H94="דירה כצנלסון",G94<0,ISNUMBER(SEARCH("הכנסה",F94)))),"הכנסה שסווגה מחדש",J94)} -> חריג | L94: מאושר | M94: {=IF(L94="מאושר",IF(K94="הכנסה שסווגה מחדש",0,G94),0)} -> 11470 | N94: {=IF(K94="שוטף",M94,0)} -> 0 | O94: {=IF(K94="הכנסה שסווגה מחדש",-G94,0)} -> 0 | P94: one zero עינור | R94: לא
A95: 45689 | B95: 2025-02 | C95: פברואר 25 | D95: 23 | E95: 6 | F95: בר | G95: 90 | H95: אוכל בחוץ | I95: אוכל בחוץ | J95: שוטף | K95: {=IF(OR(H95="ריביות",AND(H95="דירה כצנלסון",G95<0,ISNUMBER(SEARCH("הכנסה",F95)))),"הכנסה שסווגה מחדש",J95)} -> שוטף | L95: מאושר | M95: {=IF(L95="מאושר",IF(K95="הכנסה שסווגה מחדש",0,G95),0)} -> 90 | N95: {=IF(K95="שוטף",M95,0)} -> 90 | O95: {=IF(K95="הכנסה שסווגה מחדש",-G95,0)} -> 0 | P95: one zero עינור | R95: לא
A96: 45689 | B96: 2025-02 | C96: פברואר 25 | D96: 24 | E96: 14 | F96: שיין | G96: 347 | H96: אופנה | I96: אופנה | J96: שוטף | K96: {=IF(OR(H96="ריביות",AND(H96="דירה כצנלסון",G96<0,ISNUMBER(SEARCH("הכנסה",F96)))),"הכנסה שסווגה מחדש",J96)} -> שוטף | L96: מאושר | M96: {=IF(L96="מאושר",IF(K96="הכנסה שסווגה מחדש",0,G96),0)} -> 347 | N96: {=IF(K96="שוטף",M96,0)} -> 347 | O96: {=IF(K96="הכנסה שסווגה מחדש",-G96,0)} -> 0 | P96: one zero עינור | R96: לא
A97: 45689 | B97: 2025-02 | C97: פברואר 25 | D97: 25 | E97: 19 | F97: אלי אקספרס חתונה | G97: 127 | H97: חתונה | I97: חתונה | J97: חריג | K97: {=IF(OR(H97="ריביות",AND(H97="דירה כצנלסון",G97<0,ISNUMBER(SEARCH("הכנסה",F97)))),"הכנסה שסווגה מחדש",J97)} -> חריג | L97: מאושר | M97: {=IF(L97="מאושר",IF(K97="הכנסה שסווגה מחדש",0,G97),0)} -> 127 | N97: {=IF(K97="שוטף",M97,0)} -> 0 | O97: {=IF(K97="הכנסה שסווגה מחדש",-G97,0)} -> 0 | P97: one zero עינור | R97: לא
... A100: 45689 | B100: 2025-02 | C100: פברואר 25 | D100: 28 | E100: 13 | F100: ליים | G100: 40 | H100: תחבורה | I100: תחבורה | J100: שוטף | K100: {=IF(OR(H100="ריביות",AND(H100="דירה כצנלסון",G100<0,ISNUMBER(SEARCH("הכנסה",F100)))),"הכנסה שסווגה מחדש",J100)} -> שוטף | L100: מאושר | M100: {=IF(L100="מאושר",IF(K100="הכנסה שסווגה מחדש",0,G100),0)} -> 40 | N100: {=IF(K100="שוטף",M100,0)} -> 40 | O100: {=IF(K100="הכנסה שסווגה מחדש",-G100,0)} -> 0 | P100: one zero זיו | R100: לא
A101: 45689 | B101: 2025-02 | C101: פברואר 25 | D101: 29 | F101: לייזר | G101: 173 | H101: קוסמטיקה | I101: קוסמטיקה | J101: שוטף | K101: {=IF(OR(H101="ריביות",AND(H101="דירה כצנלסון",G101<0,ISNUMBER(SEARCH("הכנסה",F101)))),"הכנסה שסווגה מחדש",J101)} -> שוטף | L101: מאושר | M101: {=IF(L101="מאושר",IF(K101="הכנסה שסווגה מחדש",0,G101),0)} -> 173 | N101: {=IF(K101="שוטף",M101,0)} -> 173 | O101: {=IF(K101="הכנסה שסווגה מחדש",-G101,0)} -> 0 | P101: אמקס עינור | R101: לא
A102: 45689 | B102: 2025-02 | C102: פברואר 25 | D102: 30 | E102: 3 | F102: מכבי | G102: 92 | H102: בריאות | I102: בריאות וטיפולים | J102: שוטף | K102: {=IF(OR(H102="ריביות",AND(H102="דירה כצנלסון",G102<0,ISNUMBER(SEARCH("הכנסה",F102)))),"הכנסה שסווגה מחדש",J102)} -> שוטף | L102: מאושר | M102: {=IF(L102="מאושר",IF(K102="הכנסה שסווגה מחדש",0,G102),0)} -> 92 | N102: {=IF(K102="שוטף",M102,0)} -> 92 | O102: {=IF(K102="הכנסה שסווגה מחדש",-G102,0)} -> 0 | P102: אמקס עינור | R102: לא
A103: 45689 | B103: 2025-02 | C103: פברואר 25 | D103: 31 | E103: 4 | F103: משקפים | G103: 40 | H103: בריאות | I103: בריאות וטיפולים | J103: שוטף | K103: {=IF(OR(H103="ריביות",AND(H103="דירה כצנלסון",G103<0,ISNUMBER(SEARCH("הכנסה",F103)))),"הכנסה שסווגה מחדש",J103)} -> שוטף | L103: מאושר | M103: {=IF(L103="מאושר",IF(K103="הכנסה שסווגה מחדש",0,G103),0)} -> 40 | N103: {=IF(K103="שוטף",M103,0)} -> 40 | O103: {=IF(K103="הכנסה שסווגה מחדש",-G103,0)} -> 0 | P103: אמקס עינור | R103: לא
A104: 45689 | B104: 2025-02 | C104: פברואר 25 | D104: 32 | E104: 4 | F104: מכבי דנט | G104: 42 | H104: בריאות | I104: בריאות וטיפולים | J104: שוטף | K104: {=IF(OR(H104="ריביות",AND(H104="דירה כצנלסון",G104<0,ISNUMBER(SEARCH("הכנסה",F104)))),"הכנסה שסווגה מחדש",J104)} -> שוטף | L104: מאושר | M104: {=IF(L104="מאושר",IF(K104="הכנסה שסווגה מחדש",0,G104),0)} -> 42 | N104: {=IF(K104="שוטף",M104,0)} -> 42 | O104: {=IF(K104="הכנסה שסווגה מחדש",-G104,0)} -> 0 | P104: אמקס עינור | R104: לא
A105: 45689 | B105: 2025-02 | C105: פברואר 25 | D105: 33 | E105: 6 | F105: גלידה | G105: 22 | H105: אוכל בחוץ | I105: אוכל בחוץ | J105: שוטף | K105: {=IF(OR(H105="ריביות",AND(H105="דירה כצנלסון",G105<0,ISNUMBER(SEARCH("הכנסה",F105)))),"הכנסה שסווגה מחדש",J105)} -> שוטף | L105: מאושר | M105: {=IF(L105="מאושר",IF(K105="הכנסה שסווגה מחדש",0,G105),0)} -> 22 | N105: {=IF(K105="שוטף",M105,0)} -> 22 | O105: {=IF(K105="הכנסה שסווגה מחדש",-G105,0)} -> 0 | P105: אמקס עינור | R105: לא
A106: 45689 | B106: 2025-02 | C106: פברואר 25 | D106: 34 | E106: 8 | F106: תחתוני מחזור | G106: 257 | H106: אופנה | I106: אופנה | J106: שוטף | K106: {=IF(OR(H106="ריביות",AND(H106="דירה כצנלסון",G106<0,ISNUMBER(SEARCH("הכנסה",F106)))),"הכנסה שסווגה מחדש",J106)} -> שוטף | L106: מאושר | M106: {=IF(L106="מאושר",IF(K106="הכנסה שסווגה מחדש",0,G106),0)} -> 257 | N106: {=IF(K106="שוטף",M106,0)} -> 257 | O106: {=IF(K106="הכנסה שסווגה מחדש",-G106,0)} -> 0 | P106: אמקס עינור | R106: לא
A107: 45689 | B107: 2025-02 | C107: פברואר 25 | D107: 35 | E107: 8 | F107: זומבה | G107: 25 | H107: ספורט | I107: ספורט | J107: שוטף | K107: {=IF(OR(H107="ריביות",AND(H107="דירה כצנלסון",G107<0,ISNUMBER(SEARCH("הכנסה",F107)))),"הכנסה שסווגה מחדש",J107)} -> שוטף | L107: מאושר | M107: {=IF(L107="מאושר",IF(K107="הכנסה שסווגה מחדש",0,G107),0)} -> 25 | N107: {=IF(K107="שוטף",M107,0)} -> 25 | O107: {=IF(K107="הכנסה שסווגה מחדש",-G107,0)} -> 0 | P107: אמקס עינור | R107: לא
A108: 45689 | B108: 2025-02 | C108: פברואר 25 | D108: 36 | E108: 9 | F108: מגן לטלפון | G108: 80 | H108: אלקטרוניקה | I108: אלקטרוניקה | J108: שוטף | K108: {=IF(OR(H108="ריביות",AND(H108="דירה כצנלסון",G108<0,ISNUMBER(SEARCH("הכנסה",F108)))),"הכנסה שסווגה מחדש",J108)} -> שוטף | L108: מאושר | M108: {=IF(L108="מאושר",IF(K108="הכנסה שסווגה מחדש",0,G108),0)} -> 80 | N108: {=IF(K108="שוטף",M108,0)} -> 80 | O108: {=IF(K108="הכנסה שסווגה מחדש",-G108,0)} -> 0 | P108: אמקס עינור | R108: לא
A109: 45689 | B109: 2025-02 | C109: פברואר 25 | D109: 37 | E109: 13 | F109: סופר פארם | G109: 156 | H109: בריאות | I109: בריאות וטיפולים | J109: שוטף | K109: {=IF(OR(H109="ריביות",AND(H109="דירה כצנלסון",G109<0,ISNUMBER(SEARCH("הכנסה",F109)))),"הכנסה שסווגה מחדש",J109)} -> שוטף | L109: מאושר | M109: {=IF(L109="מאושר",IF(K109="הכנסה שסווגה מחדש",0,G109),0)} -> 156 | N109: {=IF(K109="שוטף",M109,0)} -> 156 | O109: {=IF(K109="הכנסה שסווגה מחדש",-G109,0)} -> 0 | P109: אמקס עינור | R109: לא
A110: 45689 | B110: 2025-02 | C110: פברואר 25 | D110: 38 | E110: 13 | F110: סופר פארם | G110: 15 | H110: בריאות | I110: בריאות וטיפולים | J110: שוטף | K110: {=IF(OR(H110="ריביות",AND(H110="דירה כצנלסון",G110<0,ISNUMBER(SEARCH("הכנסה",F110)))),"הכנסה שסווגה מחדש",J110)} -> שוטף | L110: מאושר | M110: {=IF(L110="מאושר",IF(K110="הכנסה שסווגה מחדש",0,G110),0)} -> 15 | N110: {=IF(K110="שוטף",M110,0)} -> 15 | O110: {=IF(K110="הכנסה שסווגה מחדש",-G110,0)} -> 0 | P110: אמקס עינור | R110: לא
A111: 45689 | B111: 2025-02 | C111: פברואר 25 | D111: 39 | E111: 16 | F111: סופר | G111: 729 | H111: מזון לבית | I111: מזון לבית | J111: שוטף | K111: {=IF(OR(H111="ריביות",AND(H111="דירה כצנלסון",G111<0,ISNUMBER(SEARCH("הכנסה",F111)))),"הכנסה שסווגה מחדש",J111)} -> שוטף | L111: מאושר | M111: {=IF(L111="מאושר",IF(K111="הכנסה שסווגה מחדש",0,G111),0)} -> 729 | N111: {=IF(K111="שוטף",M111,0)} -> 729 | O111: {=IF(K111="הכנסה שסווגה מחדש",-G111,0)} -> 0 | P111: אמקס עינור | R111: לא
A112: 45689 | B112: 2025-02 | C112: פברואר 25 | D112: 40 | E112: 17 | F112: מכולת | G112: 25 | H112: אוכל בחוץ | I112: אוכל בחוץ | J112: שוטף | K112: {=IF(OR(H112="ריביות",AND(H112="דירה כצנלסון",G112<0,ISNUMBER(SEARCH("הכנסה",F112)))),"הכנסה שסווגה מחדש",J112)} -> שוטף | L112: מאושר | M112: {=IF(L112="מאושר",IF(K112="הכנסה שסווגה מחדש",0,G112),0)} -> 25 | N112: {=IF(K112="שוטף",M112,0)} -> 25 | O112: {=IF(K112="הכנסה שסווגה מחדש",-G112,0)} -> 0 | P112: אמקס עינור | R112: לא
A113: 45689 | B113: 2025-02 | C113: פברואר 25 | D113: 41 | E113: 19 | F113: סושי | G113: 150 | H113: אוכל בחוץ | I113: אוכל בחוץ | J113: שוטף | K113: {=IF(OR(H113="ריביות",AND(H113="דירה כצנלסון",G113<0,ISNUMBER(SEARCH("הכנסה",F113)))),"הכנסה שסווגה מחדש",J113)} -> שוטף | L113: מאושר | M113: {=IF(L113="מאושר",IF(K113="הכנסה שסווגה מחדש",0,G113),0)} -> 150 | N113: {=IF(K113="שוטף",M113,0)} -> 150 | O113: {=IF(K113="הכנסה שסווגה מחדש",-G113,0)} -> 0 | P113: אמקס עינור | R113: לא
... A166: 45689 | B166: 2025-02 | C166: פברואר 25 | D166: 94 | E166: 28 | F166: טיסה לסיישל | G166: 1601 | H166: חתונה | I166: חתונה | J166: חריג | K166: {=IF(OR(H166="ריביות",AND(H166="דירה כצנלסון",G166<0,ISNUMBER(SEARCH("הכנסה",F166)))),"הכנסה שסווגה מחדש",J166)} -> חריג | L166: מאושר | M166: {=IF(L166="מאושר",IF(K166="הכנסה שסווגה מחדש",0,G166),0)} -> 1601 | N166: {=IF(K166="שוטף",M166,0)} -> 0 | O166: {=IF(K166="הכנסה שסווגה מחדש",-G166,0)} -> 0 | P166: one zero זיו | R166: לא
A167: 45689 | B167: 2025-02 | C167: פברואר 25 | D167: 95 | F167: אימונים עינור | G167: 736 | H167: ספורט | I167: ספורט | J167: שוטף | K167: {=IF(OR(H167="ריביות",AND(H167="דירה כצנלסון",G167<0,ISNUMBER(SEARCH("הכנסה",F167)))),"הכנסה שסווגה מחדש",J167)} -> שוטף | L167: מאושר | M167: {=IF(L167="מאושר",IF(K167="הכנסה שסווגה מחדש",0,G167),0)} -> 736 | N167: {=IF(K167="שוטף",M167,0)} -> 736 | O167: {=IF(K167="הכנסה שסווגה מחדש",-G167,0)} -> 0 | P167: אחר - עינור | R167: לא
A168: 45689 | B168: 2025-02 | C168: פברואר 25 | D168: 96 | F168: ליאת | G168: 1350 | H168: בריאות | I168: בריאות וטיפולים | J168: שוטף | K168: {=IF(OR(H168="ריביות",AND(H168="דירה כצנלסון",G168<0,ISNUMBER(SEARCH("הכנסה",F168)))),"הכנסה שסווגה מחדש",J168)} -> שוטף | L168: מאושר | M168: {=IF(L168="מאושר",IF(K168="הכנסה שסווגה מחדש",0,G168),0)} -> 1350 | N168: {=IF(K168="שוטף",M168,0)} -> 1350 | O168: {=IF(K168="הכנסה שסווגה מחדש",-G168,0)} -> 0 | P168: הבינלאומי | R168: לא
A169: 45689 | B169: 2025-02 | C169: פברואר 25 | D169: 97 | F169: ריבית מחיסון | G169: -163 | H169: ריביות | I169: זרם פיננסי | J169: הכנסה שסווגה מחדש | K169: {=IF(OR(H169="ריביות",AND(H169="דירה כצנלסון",G169<0,ISNUMBER(SEARCH("הכנסה",F169)))),"הכנסה שסווגה מחדש",J169)} -> הכנסה שסווגה מחדש | L169: מאושר | M169: {=IF(L169="מאושר",IF(K169="הכנסה שסווגה מחדש",0,G169),0)} -> 0 | N169: {=IF(K169="שוטף",M169,0)} -> 0 | O169: {=IF(K169="הכנסה שסווגה מחדש",-G169,0)} -> 163 | P169: one zero | R169: לא
A170: 45717 | B170: 2025-03 | C170: מרץ 25 | D170: 2 | E170: 14 | F170: שכר דירה | G170: 7500 | H170: מגורים חודשי | I170: דיור – בית מגורים | J170: שוטף | K170: {=IF(OR(H170="ריביות",AND(H170="דירה כצנלסון",G170<0,ISNUMBER(SEARCH("הכנסה",F170)))),"הכנסה שסווגה מחדש",J170)} -> שוטף | L170: מאושר | M170: {=IF(L170="מאושר",IF(K170="הכנסה שסווגה מחדש",0,G170),0)} -> 7500 | N170: {=IF(K170="שוטף",M170,0)} -> 7500 | O170: {=IF(K170="הכנסה שסווגה מחדש",-G170,0)} -> 0 | P170: one zero | R170: לא
A171: 45717 | B171: 2025-03 | C171: מרץ 25 | D171: 3 | E171: 10 | F171: משכנתא | G171: 6126 | H171: דירה כצנלסון | I171: נכס להשקעה | J171: חריג/נכס | K171: {=IF(OR(H171="ריביות",AND(H171="דירה כצנלסון",G171<0,ISNUMBER(SEARCH("הכנסה",F171)))),"הכנסה שסווגה מחדש",J171)} -> חריג/נכס | L171: מאושר | M171: {=IF(L171="מאושר",IF(K171="הכנסה שסווגה מחדש",0,G171),0)} -> 6126 | N171: {=IF(K171="שוטף",M171,0)} -> 0 | O171: {=IF(K171="הכנסה שסווגה מחדש",-G171,0)} -> 0 | P171: דיסקונט | R171: לא
A172: 45717 | B172: 2025-03 | C172: מרץ 25 | D172: 4 | F172: הכנסה משכר דירה | G172: -6500 | H172: דירה כצנלסון | I172: נכס להשקעה | J172: חריג/נכס | K172: {=IF(OR(H172="ריביות",AND(H172="דירה כצנלסון",G172<0,ISNUMBER(SEARCH("הכנסה",F172)))),"הכנסה שסווגה מחדש",J172)} -> הכנסה שסווגה מחדש | L172: מאושר | M172: {=IF(L172="מאושר",IF(K172="הכנסה שסווגה מחדש",0,G172),0)} -> 0 | N172: {=IF(K172="שוטף",M172,0)} -> 0 | O172: {=IF(K172="הכנסה שסווגה מחדש",-G172,0)} -> 6500 | P172: one zero | R172: לא
A173: 45717 | B173: 2025-03 | C173: מרץ 25 | D173: 5 | E173: 11 | F173: ארנונה | G173: 293 | H173: מגורים צריכה | I173: דיור – בית מגורים | J173: שוטף | K173: {=IF(OR(H173="ריביות",AND(H173="דירה כצנלסון",G173<0,ISNUMBER(SEARCH("הכנסה",F173)))),"הכנסה שסווגה מחדש",J173)} -> שוטף | L173: מאושר | M173: {=IF(L173="מאושר",IF(K173="הכנסה שסווגה מחדש",0,G173),0)} -> 293 | N173: {=IF(K173="שוטף",M173,0)} -> 293 | O173: {=IF(K173="הכנסה שסווגה מחדש",-G173,0)} -> 0 | P173: אמקס זיו | R173: לא
A174: 45717 | B174: 2025-03 | C174: מרץ 25 | D174: 6 | E174: 28 | F174: חשמל | G174: 271 | H174: מגורים צריכה | I174: דיור – בית מגורים | J174: שוטף | K174: {=IF(OR(H174="ריביות",AND(H174="דירה כצנלסון",G174<0,ISNUMBER(SEARCH("הכנסה",F174)))),"הכנסה שסווגה מחדש",J174)} -> שוטף | L174: מאושר | M174: {=IF(L174="מאושר",IF(K174="הכנסה שסווגה מחדש",0,G174),0)} -> 271 | N174: {=IF(K174="שוטף",M174,0)} -> 271 | O174: {=IF(K174="הכנסה שסווגה מחדש",-G174,0)} -> 0 | P174: אמקס זיו | Q174: הועבר הורעת קבע מ מקס לאמקס | R174: לא
A175: 45717 | B175: 2025-03 | C175: מרץ 25 | D175: 7 | E175: 1 | F175: מים | G175: 65 | H175: מגורים צריכה | I175: דיור – בית מגורים | J175: שוטף | K175: {=IF(OR(H175="ריביות",AND(H175="דירה כצנלסון",G175<0,ISNUMBER(SEARCH("הכנסה",F175)))),"הכנסה שסווגה מחדש",J175)} -> שוטף | L175: מאושר | M175: {=IF(L175="מאושר",IF(K175="הכנסה שסווגה מחדש",0,G175),0)} -> 65 | N175: {=IF(K175="שוטף",M175,0)} -> 65 | O175: {=IF(K175="הכנסה שסווגה מחדש",-G175,0)} -> 0 | P175: one zero עינור | R175: לא
A176: 45717 | B176: 2025-03 | C176: מרץ 25 | D176: 8 | F176: ועד בית | G176: 0 | H176: מגורים צריכה | I176: דיור – בית מגורים | J176: שוטף | K176: {=IF(OR(H176="ריביות",AND(H176="דירה כצנלסון",G176<0,ISNUMBER(SEARCH("הכנסה",F176)))),"הכנסה שסווגה מחדש",J176)} -> שוטף | L176: מאושר | M176: {=IF(L176="מאושר",IF(K176="הכנסה שסווגה מחדש",0,G176),0)} -> 0 | N176: {=IF(K176="שוטף",M176,0)} -> 0 | O176: {=IF(K176="הכנסה שסווגה מחדש",-G176,0)} -> 0 | R176: לא
A177: 45717 | B177: 2025-03 | C177: מרץ 25 | D177: 9 | E177: 10 | F177: גז | G177: 33 | H177: מגורים צריכה | I177: דיור – בית מגורים | J177: שוטף | K177: {=IF(OR(H177="ריביות",AND(H177="דירה כצנלסון",G177<0,ISNUMBER(SEARCH("הכנסה",F177)))),"הכנסה שסווגה מחדש",J177)} -> שוטף | L177: מאושר | M177: {=IF(L177="מאושר",IF(K177="הכנסה שסווגה מחדש",0,G177),0)} -> 33 | N177: {=IF(K177="שוטף",M177,0)} -> 33 | O177: {=IF(K177="הכנסה שסווגה מחדש",-G177,0)} -> 0 | P177: אמקס זיו | R177: לא
A178: 45717 | B178: 2025-03 | C178: מרץ 25 | D178: 10 | F178: סלולר + אינטרנט | G178: 168 | H178: מגורים חודשי | I178: דיור – בית מגורים | J178: שוטף | K178: {=IF(OR(H178="ריביות",AND(H178="דירה כצנלסון",G178<0,ISNUMBER(SEARCH("הכנסה",F178)))),"הכנסה שסווגה מחדש",J178)} -> שוטף | L178: מאושר | M178: {=IF(L178="מאושר",IF(K178="הכנסה שסווגה מחדש",0,G178),0)} -> 168 | N178: {=IF(K178="שוטף",M178,0)} -> 168 | O178: {=IF(K178="הכנסה שסווגה מחדש",-G178,0)} -> 0 | P178: אמקס זיו | R178: לא
A179: 45717 | B179: 2025-03 | C179: מרץ 25 | D179: 11 | F179: ביטוח מבנה | G179: 87 | H179: דירה כצנלסון | I179: נכס להשקעה | J179: חריג/נכס | K179: {=IF(OR(H179="ריביות",AND(H179="דירה כצנלסון",G179<0,ISNUMBER(SEARCH("הכנסה",F179)))),"הכנסה שסווגה מחדש",J179)} -> חריג/נכס | L179: מאושר | M179: {=IF(L179="מאושר",IF(K179="הכנסה שסווגה מחדש",0,G179),0)} -> 87 | N179: {=IF(K179="שוטף",M179,0)} -> 0 | O179: {=IF(K179="הכנסה שסווגה מחדש",-G179,0)} -> 0 | P179: אמקס זיו | R179: לא
A180: 45717 | B180: 2025-03 | C180: מרץ 25 | D180: 12 | F180: ביטוח חיים | G180: 29 | H180: דירה כצנלסון | I180: נכס להשקעה | J180: חריג/נכס | K180: {=IF(OR(H180="ריביות",AND(H180="דירה כצנלסון",G180<0,ISNUMBER(SEARCH("הכנסה",F180)))),"הכנסה שסווגה מחדש",J180)} -> חריג/נכס | L180: מאושר | M180: {=IF(L180="מאושר",IF(K180="הכנסה שסווגה מחדש",0,G180),0)} -> 29 | N180: {=IF(K180="שוטף",M180,0)} -> 0 | O180: {=IF(K180="הכנסה שסווגה מחדש",-G180,0)} -> 0 | P180: אמקס זיו | R180: לא
...

Sheet הכנסות
A1: חודש | B1: תקופה | C1: מקור הכנסה | D1: סכום (₪) | E1: סוג הכנסה | F1: גיליון מקור
A2: 45658 | B2: 2025-01 | C2: משכורת זיו | D2: 46854 | E2: {=IF(OR(ISNUMBER(SEARCH("ESPP",C2)),ISNUMBER(SEARCH("RSU",C2))),"הוני","שוטף")} -> שוטף | F2: ינואר 25
A3: 45658 | B3: 2025-01 | C3: משכורת עינור | D3: 21647 | E3: {=IF(OR(ISNUMBER(SEARCH("ESPP",C3)),ISNUMBER(SEARCH("RSU",C3))),"הוני","שוטף")} -> שוטף | F3: ינואר 25
A4: 45658 | B4: 2025-01 | C4: ESPP | D4: 77907 | E4: {=IF(OR(ISNUMBER(SEARCH("ESPP",C4)),ISNUMBER(SEARCH("RSU",C4))),"הוני","שוטף")} -> הוני | F4: ינואר 25
A5: 45689 | B5: 2025-02 | C5: משכורת זיו | D5: 18338 | E5: {=IF(OR(ISNUMBER(SEARCH("ESPP",C5)),ISNUMBER(SEARCH("RSU",C5))),"הוני","שוטף")} -> שוטף | F5: פברואר 25
A6: 45689 | B6: 2025-02 | C6: משכורת עינור | D6: 21641 | E6: {=IF(OR(ISNUMBER(SEARCH("ESPP",C6)),ISNUMBER(SEARCH("RSU",C6))),"הוני","שוטף")} -> שוטף | F6: פברואר 25
A7: 45689 | B7: 2025-02 | C7: ESPP | D7: 0 | E7: {=IF(OR(ISNUMBER(SEARCH("ESPP",C7)),ISNUMBER(SEARCH("RSU",C7))),"הוני","שוטף")} -> הוני | F7: פברואר 25
A8: 45717 | B8: 2025-03 | C8: משכורת זיו | D8: 16076 | E8: {=IF(OR(ISNUMBER(SEARCH("ESPP",C8)),ISNUMBER(SEARCH("RSU",C8))),"הוני","שוטף")} -> שוטף | F8: מרץ 25
A9: 45717 | B9: 2025-03 | C9: משכורת עינור | D9: 21644 | E9: {=IF(OR(ISNUMBER(SEARCH("ESPP",C9)),ISNUMBER(SEARCH("RSU",C9))),"הוני","שוטף")} -> שוטף | F9: מרץ 25
A10: 45717 | B10: 2025-03 | C10: ESPP | D10: 32403 | E10: {=IF(OR(ISNUMBER(SEARCH("ESPP",C10)),ISNUMBER(SEARCH("RSU",C10))),"הוני","שוטף")} -> הוני | F10: מרץ 25
A11: 45748 | B11: 2025-04 | C11: משכורת זיו | D11: 15210 | E11: {=IF(OR(ISNUMBER(SEARCH("ESPP",C11)),ISNUMBER(SEARCH("RSU",C11))),"הוני","שוטף")} -> שוטף | F11: אפריל 25
A12: 45748 | B12: 2025-04 | C12: משכורת עינור | D12: 18843 | E12: {=IF(OR(ISNUMBER(SEARCH("ESPP",C12)),ISNUMBER(SEARCH("RSU",C12))),"הוני","שוטף")} -> שוטף | F12: אפריל 25
A13: 45748 | B13: 2025-04 | C13: ESPP | D13: 0 | E13: {=IF(OR(ISNUMBER(SEARCH("ESPP",C13)),ISNUMBER(SEARCH("RSU",C13))),"הוני","שוטף")} -> הוני | F13: אפריל 25
... A98: 46235 | B98: 2026-08 | C98: RSU | D98: 0 | E98: {=IF(OR(ISNUMBER(SEARCH("ESPP",C98)),ISNUMBER(SEARCH("RSU",C98))),"הוני","שוטף")} -> הוני | F98: אוגוסט 26

Sheet פירוט חופשות
B2: פירוט חופשות
B3: פירוט משלים בלבד; אין לחבר לסיכום החודשי משום שחלק מהסכומים כבר מופיעים בעסקאות
B6: חופשה | C6: שורת מקור | D6: תאריך | E6: תיאור | F6: סכום (₪) | G6: קטגוריה | H6: כרטיס | I6: סטטוס
B7: יפן 25 | C7: 2 | D7: 2.2 | E7: טיסה | F7: 11469 | G7: טיסה | H7: 10 עינור | I7: מאושר
B8: יפן 25 | C8: 3 | D8: 10.3 | E8: טיסה לאוסקה | F8: 2994 | G8: טיסה | H8: 10 עינור | I8: מאושר
B9: יפן 25 | C9: 4 | D9: 14.3 | E9: מלון טויומה | F9: 320 | G9: לינה | H9: 10 זיו | I9: מאושר
B10: יפן 25 | C10: 5 | D10: 14.3 | E10: מלון נגנו | F10: 33 | G10: לינה | H10: 10 זיו | I10: מאושר
B11: יפן 25 | C11: 6 | D11: 14.3 | E11: מלון אונסונים | F11: 3549 | G11: לינה | H11: 10 זיו | I11: מאושר
B12: יפן 25 | C12: 7 | D12: 27.6 | E12: מלון הירושימה | F12: 922 | G12: לינה | H12: 10 זיו | I12: מאושר
B13: יפן 25 | C13: 8 | D13: 19.7 | E13: מלון אוסקה | F13: 1127 | G13: לינה | H13: אמקס עינור | I13: מאושר
B14: יפן 25 | C14: 9 | D14: 19.7 | E14: מלון טאקיאמה | F14: 496 | G14: לינה | H14: אמקס עינור | I14: מאושר
B15: יפן 25 | C15: 10 | D15: 19.7 | E15: מלון ניקו | F15: 619 | G15: לינה | H15: אמקס עינור | I15: מאושר
B16: יפן 25 | C16: 11 | D16: 19.7 | E16: מלון גינזה מס ביטול | F16: 16 | G16: לינה | H16: אמקס עינור | I16: מאושר
B17: יפן 25 | C17: 12 | D17: 19.7 | E17: מלון מטסומוטו | F17: 339 | G17: לינה | H17: אמקס עינור | I17: מאושר
B18: יפן 25 | C18: 13 | D18: 26.7 | E18: מלון גינזה 2 | F18: 4783 | G18: לינה | H18: אמקס עינור | I18: מאושר
... B155: יפן 25 | C155: 153 | D155: 10 | E155: מוזאון | F155: 22 | G155: אטרקציות | H155: קורפרייט זיו | I155: מאושר
B156: יפן 25 | C156: 154 | E156: מוזאון | F156: 38 | G156: מזכרות | H156: קורפרייט זיו | I156: מאושר
B157: יפן 25 | C157: 155 | D157: 10 | E157: אוכל | F157: 7 | G157: אוכל | H157: קורפרייט זיו | I157: מאושר
B158: יפן 25 | C158: 156 | D158: 10 | E158: גיוזה | F158: 24 | G158: אוכל | H158: קורפרייט זיו | I158: מאושר
B159: יפן 25 | C159: 157 | D159: 11 | E159: קונבי | F159: 15 | G159: אוכל | H159: קורפרייט זיו | I159: מאושר
B160: יפן 25 | C160: 158 | D160: 11 | E160: אוכל | F160: 8 | G160: אוכל | H160: קורפרייט זיו | I160: מאושר
B161: יפן 25 | C161: 159 | D161: 11 | E161: קונבי | F161: 14 | G161: אוכל | H161: קורפרייט זיו | I161: מאושר
B162: יפן 25 | C162: 160 | D162: 11 | E162: שליחת מזוודות | F162: 56 | G162: מנהלתי | H162: קורפרייט זיו | I162: מאושר
B163: יפן 25 | C163: 161 | D163: 11 | E163: אוכל | F163: 32 | G163: אוכל | H163: קורפרייט זיו | I163: מאושר
B164: יפן 25 | C164: 162 | D164: 11 | E164: ראמן | F164: 56 | G164: אוכל | H164: קורפרייט זיו | I164: מאושר
B165: יפן 25 | C165: 163 | D165: 11 | E165: ראמן | F165: 75 | G165: אוכל | H165: קורפרייט זיו | I165: מאושר
B166: יפן 25 | C166: 164 | D166: 11 | E166: בנס קוקיס | F166: 18 | G166: אוכל | H166: קורפרייט זיו | I166: מאושר
B167: יפן 25 | C167: 165 | D167: 11 | E167: פארם | F167: 41 | G167: מנהלתי | H167: קורפרייט זיו | I167: מאושר
B168: יפן 25 | C168: 166 | D168: 11 | E168: הכל בשקל | F168: 5 | G168: מזכרות | H168: קורפרייט זיו | I168: מאושר
... B230: לונדון 26 | C230: 2 | D230: 27.11.25 | E230: טיסה | F230: 3564 | G230: טיסה | H230: אמקס זיו | I230: מאושר
B231: לונדון 26 | C231: 15 | E231: מלון 1 | F231: 3000 | I231: זמני
B232: לונדון 26 | C232: 16 | E232: מלון 2 | F232: 3973 | I232: זמני
B233: לונדון 26 | C233: 18 | D233: 21/3 | E233: ויזה ללונדון | F233: 134 | G233: מנהלתי | H233: אמקס - זיו | I233: מאושר
B234: לונדון 26 | C234: 19 | D234: 29.08 | E234: קברט | F234: 887 | H234: אמקס - עינור | I234: מאושר
B235: סיישל 25 | C235: 2 | D235: 28.2 | E235: טיסה | F235: 7005 | G235: טיסה | H235: 10 זיו | I235: מאושר
B236: סיישל 25 | C236: 3 | D236: 6.3 | E236: הילטון | F236: 3652 | G236: לינה | H236: 10 זיו | I236: מאושר
B237: סיישל 25 | C237: 4 | D237: 4.3 | E237: מלון פרסלין | F237: 1910 | G237: לינה | H237: אמקס זיו | I237: מאושר
B238: סיישל 25 | C238: 5 | D238: 9.3 | E238: טיסות פנים | F238: 1836 | G238: טיסה | H238: 10 זיו | I238: מאושר
B239: סיישל 25 | C239: 6 | D239: 11.3 | E239: רכב מקדמה | F239: 119 | G239: תחבורה | H239: 10 זיו | I239: מאושר
B240: סיישל 25 | C240: 7 | D240: 10.3 | E240: רכב מקדמה | F240: 199 | G240: תחבורה | H240: 10 עינור | I240: מאושר
B241: סיישל 25 | C241: 8 | D241: 8.4 | E241: מזומן | F241: 617 | G241: אוכל | H241: דיסקונט | I241: מאושר
B242: סיישל 25 | C242: 9 | D242: 20.4 | E242: ביטוח | F242: 251 | G242: מנהלתי | H242: מקס עינור | I242: מאושר
B243: סיישל 25 | C243: 10 | D243: 8.5 | E243: ויזה | F243: 84 | G243: מנהלתי | H243: 10 עינור | I243: מאושר
B244: סיישל 25 | C244: 11 | D244: 12.5 | E244: מעבורות | F244: 256 | G244: תחבורה | H244: 10 עינור | I244: מאושר
B245: סיישל 25 | C245: 12 | D245: 15.5 | E245: פיקדון קיאקים | F245: 34 | G245: אטרקציות | H245: 10 עינור | I245: מאושר
B246: סיישל 25 | C246: 13 | D246: 18 | E246: סופר | F246: 10 | G246: אוכל | H246: 10 עינור | I246: מאושר
... B280: סיישל 25 | C280: 47 | D280: 14 | E280: תוספת ביטוח | F280: 45 | G280: מנהלתי | H280: מקס עינור | I280: מאושר
B281: סיישל 25 | C281: 91 | D281: סכ"ה | F281: 20914 | I281: מאושר
B282: פריז 25 | C282: 2 | D282: 30.7 | E282: טיסה | F282: 3531 | G282: טיסה | H282: אמקס זיו | I282: מאושר
B283: פריז 25 | C283: 3 | D283: 14.11 | E283: יומולדת עינור | F283: 827 | G283: אטרקציות | H283: אמקס זיו | I283: מאושר
B284: פריז 25 | C284: 4 | D284: 14.11 | E284: סיור אוכל אופציה 1 | F284: 858 | G284: אטרקציות | H284: אמקס עינור | I284: מאושר
B285: פריז 25 | C285: 5 | D285: 14.11 | E285: סיור אוכל אופציה 2 | F285: 1 | G285: אטרקציות | H285: אמקס עינור | I285: מאושר
B286: פריז 25 | C286: 6 | D286: 29 | E286: קרפור | F286: 20 | G286: אוכל | H286: 10 עינור | I286: מאושר
B287: פריז 25 | C287: 7 | D287: 29 | E287: אוכל | F287: 45 | G287: אוכל | H287: 11 עינור | I287: מאושר
B288: פריז 25 | C288: 8 | D288: 30 | E288: קפה | F288: 22 | G288: אוכל | H288: 12 עינור | I288: מאושר
B289: פריז 25 | C289: 9 | D289: 26 | E289: מונית | F289: 150 | G289: תחבורה | H289: קורפרייט זיו | I289: מאושר
B290: פריז 25 | C290: 10 | D290: 26 | E290: ראמן | F290: 173 | G290: אוכל | H290: קורפרייט זיו | I290: מאושר
B291: פריז 25 | C291: 11 | D291: 26 | E291: תחבץ | F291: 15 | G291: תחבורה | H291: קורפרייט זיו | I291: מאושר
B292: פריז 25 | C292: 12 | D292: 26 | E292: גלגל ענק | F292: 75 | G292: אטרקציות | H292: קורפרייט זיו | I292: מאושר
B293: פריז 25 | C293: 13 | D293: 26 | E293: שוקו | F293: 38 | G293: אוכל | H293: קורפרייט זיו | I293: מאושר
... B339: פריז 25 | C339: 59 | D339: 30 | E339: חניה נתבג | F339: 250 | G339: תחבורה | H339: אמקס עינור | I339: מאושר
B340: פריז 25 | C340: 60 | E340: סיור חינאמי | F340: 110 | G340: אטרקציות | H340: מזומן | I340: מאושר
B341: פריז 25 | C341: 61 | E341: אחר | F341: 34 | G341: אוכל | H341: מזומן | I341: מאושר
B342: קפריסין 26 | C342: 2 | D342: 25/10/25 | E342: טיסה | F342: 663 | G342: טיסה | H342: אמקס זיו | I342: מאושר
B343: קפריסין 26 | C343: 5 | D343: 11/3 | E343: פיקדון מלון | F343: 362 | G343: לינה | H343: קורפורייט - זיו | I343: מאושר
B344: קפריסין 26 | C344: 6 | D344: 17/3 | E344: פיקדון מלון | F344: 260 | G344: לינה | H344: קורפורייט - זיו | I344: מאושר
B345: קפריסין 26 | C345: 7 | D345: 19/4 | E345: החזר טיסה | F345: -602 | G345: טיסה | H345: אמקס - זיו | I345: מאושר
B346: קפריסין 26 | C346: 8 | D346: 15/4 | E346: החזר מלון | F346: -257 | G346: לינה | H346: קורפורייט - זיו | I346: מאושר
B347: קפריסין 26 | C347: 9 | D347: 23/4 | E347: החזר מלון | F347: -353 | G347: לינה | H347: קורפורייט - זיו | I347: מאושר
B348: קרוז + ניו יורק 26 | C348: 2 | D348: 20/07 | E348: קרוז | F348: 8357 | H348: אמקס - עינור | I348: מאושר
B349: קרוז + ניו יורק 26 | C349: 3 | D349: 31/07 | E349: מלון ניו יורק | F349: 7024 | H349: אמקס - עינור | I349: מאושר
B350: קרוז + ניו יורק 26 | C350: 4 | D350: 21.07 | E350: ELAL INT ISRAEL | F350: 8543 | H350: אמקס - זיו | I350: מאושר
B351: קרוז + ניו יורק 26 | C351: 5 | D351: 25/07 | E351: דקאתלון | F351: 536 | H351: אמקס - זיו | I351: מאושר
B352: קרוז + ניו יורק 26 | C352: 6 | D352: 24/7 | E352: דברים לקרוז | F352: 120 | H352: אמקס - עינור | I352: מאושר
B353: קרוז + ניו יורק 26 | C353: 7 | D353: 21.07 | E353: טיסה לניו יורק כרטיס 1 | F353: 849 | H353: אמקס - זיו | I353: מאושר
B354: קרוז + ניו יורק 26 | C354: 8 | D354: 21.07 | E354: טיסה לניו יורק כרטיס 2 | F354: 849 | H354: אמקס - זיו | I354: מאושר
B355: קרוז + ניו יורק 26 | C355: 9 | D355: 25.07 | E355: HAMILTON TICKETS | F355: 1960 | H355: אמקס - זיו | I355: מאושר
B356: שוויץ 26 | C356: 2 | D356: 2.6.25 | E356: טיסה | F356: 2799 | G356: טיסה | H356: אמקס זיו | I356: מאושר
B357: שוויץ 26 | C357: 4 | D357: 28/11/25 | E357: ברצלונה מלון | F357: 100 | G357: לינה | H357: אמקס - עינור | I357: מאושר
B358: שוויץ 26 | C358: 5 | D358: 7/4 | E358: רכב | F358: 926 | G358: תחבורה | H358: אמקס - עינור | I358: מאושר
B359: שוויץ 26 | C359: 6 | D359: 7/4 | E359: טיסה | F359: 1402 | G359: טיסה | H359: אמקס - עינור | I359: מאושר
B360: שוויץ 26 | C360: 7 | D360: 7/4 | E360: החזר מלון ברצלונה | F360: -96 | G360: לינה | H360: אמקס - עינור | I360: מאושר
B361: שוויץ 26 | C361: 8 | D361: 11/4 | E361: מלון ציריך | F361: 213 | G361: לינה | H361: אמקס - עינור | I361: מאושר
B362: שוויץ 26 | C362: 9 | D362: 29/5 | E362: מלון גרינדלוולד | F362: 3274 | G362: לינה | H362: אמקס - עינור | I362: מאושר
B363: שוויץ 26 | C363: 10 | D363: 5/6 | E363: צהריים | F363: 92 | G363: אוכל | H363: קורפורייט - זיו | I363: מאושר
B364: שוויץ 26 | C364: 11 | D364: 5/6 | E364: קפה | F364: 70 | G364: אוכל | H364: קורפורייט - זיו | I364: מאושר
B365: שוויץ 26 | C365: 12 | D365: 6/6 | E365: צהריים | F365: 295 | G365: אוכל | H365: קורפורייט - זיו | I365: מאושר
B366: שוויץ 26 | C366: 13 | D366: 6/6 | E366: סופר | F366: 207 | G366: אוכל | H366: קורפורייט - זיו | I366: מאושר
B367: שוויץ 26 | C367: 15 | D367: 6/6 | E367: מזכרות | F367: 78 | G367: קניות | H367: קורפורייט - זיו | I367: מאושר
... B411: שוויץ 26 | C411: 59 | D411: 4/5 | E411: ביטוח | F411: 187 | G411: מנהלתי | H411: אמקס - זיו | I411: מאושר
B412: שוויץ 26 | C412: 60 | E412: מזומן | F412: 400 | G412: מנהלתי | H412: מזומן | I412: מאושר
B413: שוויץ 26 | C413: 61 | D413: 12/5 | E413: מוזאון לינט | F413: 126 | G413: אטרקציות | H413: one zero - זיו | I413: מאושר
B414: שוויץ 26 | C414: 62 | D414: 3/6 | E414: מלון לוצרן | F414: 1413 | G414: לינה | H414: אמקס - עינור | I414: מאושר
B415: שוויץ 26 | C415: 63 | D415: 4/6 | E415: כרטיסי הנחה | F415: 1107 | G415: אטרקציות | H415: אמקס - עינור | I415: מאושר
B416: שוויץ 26 | C416: 64 | D416: 10/6 | E416: סופר | F416: 25 | G416: אוכל | H416: אמקס - עינור | I416: מאושר
B417: שוויץ 26 | C417: 65 | D417: 11/6 | E417: רכבל | F417: 310 | G417: אטרקציות | H417: אמקס - עינור | I417: מאושר
B418: שוויץ 26 | C418: 66 | D418: 11/5 | E418: קפה לינט | F418: 35 | G418: אוכל | H418: אמקס - עינור | I418: מאושר
B419: שוויץ 26 | C419: 67 | D419: 12/5 | E419: קפה | F419: 17 | G419: אוכל | H419: אמקס - עינור | I419: מאושר
B420: שוויץ 26 | C420: 68 | D420: 11/5 | E420: שוקולד | F420: 38 | G420: קניות | H420: קורפורייט - זיו | I420: מאושר
B421: שוויץ 26 | C421: 69 | D421: 11/5 | E421: שוקולד | F421: 92 | G421: קניות | H421: קורפורייט - זיו | I421: מאושר
...

Sheet מיפוי ומקורות
B2: מיפוי, איכות נתונים ומקורות
B3: כללי נרמול, חריגים ומקורות ששימשו להכנת הניתוח
B6: קטגוריה מקורית | C6: קבוצה מנורמלת | D6: סיווג בסיס
C7: לא מסווג | D7: שוטף
B8: אוכל בחוץ | C8: אוכל בחוץ | D8: שוטף
B9: אופנה | C9: אופנה | D9: שוטף
B10: אחר | C10: אחר | D10: שוטף
B11: אלקטרוניקה | C11: אלקטרוניקה | D11: שוטף
B12: ביטוח | C12: ביטוח | D12: שוטף
B13: בריאות | C13: בריאות וטיפולים | D13: שוטף
B14: דירה כצנלסון | C14: נכס להשקעה | D14: חריג/נכס
B15: חול | C15: נסיעות וחופשות | D15: חריג
B16: חופשה | C16: נסיעות וחופשות | D16: חריג
B17: חתונה | C17: חתונה | D17: חריג
B18: טיפולים | C18: בריאות וטיפולים | D18: שוטף
B19: מגורים | C19: דיור – בית מגורים | D19: שוטף
... B33: תחביבים | C33: תחביבים ומיג'י | D33: שוטף
B36: בדיקת איכות | C36: ממצא | D36: השפעה | E36: טיפול מומלץ | F36: סטטוס
B37: חודש פתוח | C37: אוגוסט 2026 טרם סומן כסגור | D37: הנתון עשוי להשתנות | E37: לרענן את הקובץ לאחר סגירת החודש | F37: פתוח
B38: קטגוריות חסרות | C38: 5 עסקאות, ₪1,959 | D38: מוריד דיוק בפילוח | E38: לסווג לפני פגישת המומחה | F38: דורש טיפול
B39: שינוי שמות קטגוריות | C39: דיור ובריאות נרשמו בשמות שונים בין 2025 ל־2026 | D39: השוואה ישירה לפי שם מטעה | E39: להשתמש בקבוצה המנורמלת | F39: טופל בניתוח
B40: שכר דירה מהנכס | C40: ב־2025 נרשם כהוצאה שלילית; ב־2026 כהכנסה | D40: מעוות השוואת הכנסות והוצאות | E40: סווג מחדש להכנסה בדוחות | F40: טופל בניתוח
B41: ריביות | C41: נרשמו כהוצאות שליליות ב־2025 | D41: מוריד את ההוצאה המדווחת | E41: סווג מחדש כזרם הכנסה | F41: טופל בניתוח
B42: שורות סכום אפס | C42: 47 שורות תבנית/חסרות סכום | D42: לא משפיע על הסכומים אך מנפח ספירות | E42: להתעלם בספירת עסקאות | F42: טופל בניתוח
B43: פירוט חופשות | C43: גיליונות החופשה הם פירוט משלים ולעיתים מסונכרנים לסיכום חודשי | D43: סכנת ספירה כפולה | E43: לא לחבר את גיליון פירוט החופשות להוצאה החודשית | F43: הערה
B44: שלמות הכנסות | C44: בחלק מחודשי 2025 ההכנסה השוטפת נמוכה או אפסית | D44: תחזית חיסכון עלולה להיות חלקית | E44: לאמת תלושי שכר והפקדות מול המקור | F44: דורש בדיקה
B47: פריט | C47: תקופה/מועד | D47: סוג מקור | E47: מקור | F47: קישור | G47: הערה
B48: עסקאות והכנסות | C48: 2025-01 עד 2026-08 | D48: מערכת מקור | E48: Google Sheets של Mezumani | G48: נשלף ב־2026-09-04; אוגוסט 2026 פתוח
B49: עמלות בנק וכרטיסים | C49: נבדק 2026-09-04 | D49: מקור מקצועי | E49: בנק ישראל – מדריך עמלות | F49: https://www.boi.org.il/information/bank-paymnts/guide/fees_guide/ | G49: השוואת מסלולים, כרטיסים וניהול משא ומתן
B50: בדיקת כפל ביטוח | C50: נבדק 2026-09-04 | D50: מקור ממשלתי | E50: מערך הדיגיטל ורשות שוק ההון | F50: https://campus.gov.il/course/digitalil-gov-healthinsurance-he/ | G50: בדיקת כיסויים והחזרים לפני שינוי פוליסה
B51: ניהול תקציב משפחתי | C51: נבדק 2026-09-04 | D51: עמותה מקצועית | E51: פעמונים – בניית תקציב | F51: https://www.paamonim.org/he/%D7%90%D7%99%D7%9A-%D7%91%D7%95%D7%A0%D7%99%D7%9D-%D7%AA%D7%A7%D7%A6%D7%99%D7%91/ | G51: מיפוי, סדרי עדיפויות ותכנון משותף לזוג
